pdb_id,ligand_code
107d,DUO
108d,TOT
146d,MG
146d,DDA
146d,DDA
146d,CRH
146d,DDA
146d,DDL
146d,MDA
146d,DDA
146d,DDA
146d,CRH
146d,DDA
146d,DDL
146d,MDA
170d,CAR
170d,CAR
176d,GPN
176d,APN
176d,APN
176d,CPN
176d,TPN
176d,CPN
185d,QUI
185d,CH3
185d,CH3
185d,QUI
185d,CH3
185d,CH3
193d,HQU
193d,CH3
193d,CPC
193d,SBU
193d,HQU
193d,CH3
193d,CPC
199d,MOC
1a13,NH2
1a1p,NH2
1a1t,ZN
1a1t,ZN
1a2i,HEC
1a2i,HEC
1a2i,HEC
1a2i,HEC
1a2s,HEC
1a3p,ABA
1a3p,ABA
1a56,HEC
1a6b,ZN
1a7i,ZN
1a7i,ZN
1a83,MCY
1a84,CPT
1a8c,HEC
1a93,ACE
1a93,NH2
1a93,ACE
1a93,NH2
1a9g,AAB
1a9h,AAB
1a9i,AAB
1a9j,AAB
1aa9,MG
1aa9,GDP
1aaf,ZN
1aaf,ZN
1abz,SIN
1abz,NH2
1ac0,GLC
1ac0,GLC
1ac0,GLC
1ac0,GLC
1ac0,GLC
1ac0,GLC
1ac0,GLC
1ac0,GLC
1ac0,GLC
1ac0,GLC
1ac0,GLC
1ac0,GLC
1ac0,GLC
1ac0,GLC
1ac3,TSP
1ac3,TCP
1ac9,LGP
1ac9,LGP
1aca,COA
1aca,PLY
1acz,GLC
1acz,GLC
1acz,GLC
1acz,GLC
1acz,GLC
1acz,GLC
1acz,GLC
1acz,GLC
1acz,GLC
1acz,GLC
1acz,GLC
1acz,GLC
1acz,GLC
1acz,GLC
1ad7,CGU
1ad7,CGU
1ad7,CGU
1ad7,CGU
1ad7,CGU
1ad7,NH2
1adn,ZN
1af1,GSR
1afj,HG
1aft,ACE
1ag3,P
1ag5,X
1ag7,HYP
1ag7,HYP
1ag7,CGU
1agk,R
1ago,Y
1agu,E
1agz,R
1ah1,NAG
1ah1,NAG
1ah1,FUC
1ah1,MAN
1ah1,NAG
1ah1,NAG
1ah1,FUC
1ah1,MAN
1ai0,ZN
1ai0,ZN
1ai0,IPH
1ai0,IPH
1ai0,IPH
1ai0,IPH
1ai0,IPH
1ai0,IPH
1aiy,ZN
1aiy,ZN
1aiy,IPH
1aiy,IPH
1aiy,IPH
1aiy,IPH
1aiy,IPH
1aiy,IPH
1aj1,DAL
1aj1,ABA
1aj1,ABA
1aj1,ABA
1aj1,CSX
1aj4,CA
1aj4,CA
1aj4,CA
1ajf,NCO
1ajy,ZN
1ajy,ZN
1ajy,ZN
1ajy,ZN
1ak8,CE
1ak8,CE
1akk,HEC
1al9,DM1
1al9,MEB
1al9,DM1
1al9,MEB
1am0,AMP
1amd,DM6
1amd,MEB
1amd,DM6
1amd,MEB
1ao1,PL1
1ao2,3CO
1ao2,PMY
1ao2,PEO
1ao4,GUP
1ao4,3FM
1ao4,3CO
1ao4,PMY
1ao4,PEO
1ao8,MTX
1aoo,AG
1aoo,AG
1aoo,AG
1aoo,AG
1aoo,AG
1aoo,AG
1aoo,AG
1aot,PTR
1aou,PTR
1ap1,GSS
1ap4,CA
1ap8,M7G
1apo,OH
1aqa,HEM
1aqq,AG
1aqq,AG
1aqq,AG
1aqq,AG
1aqq,AG
1aqq,AG
1aqq,AG
1aqr,CU1
1aqr,CU1
1aqr,CU1
1aqr,CU1
1aqr,CU1
1aqr,CU1
1aqr,CU1
1aqs,CU1
1aqs,CU1
1aqs,CU1
1aqs,CU1
1aqs,CU1
1aqs,CU1
1aqs,CU1
1ard,ZN
1are,ZN
1arf,ZN
1as5,HYP
1as5,HYP
1as5,HYP
1as5,NH2
1au5,CPT
1au6,BPT
1aul,THX
1av3,HYP
1aw3,HEM
1aw4,AMP
1aw4,AMP
1aw6,CD
1aw6,CD
1awy,CGU
1awy,CGU
1awy,CGU
1awy,CGU
1awy,CGU
1awy,NH2
1ax6,AF
1ax7,AF
1axj,FMN
1axl,BP
1axo,BP
1axu,AP
1axv,BP
1axx,HEM
1ay3,2AS
1ay3,MDH
1ay3,MFD
1ayg,HEC
1ayj,PCA
1ayk,ZN
1ayk,ZN
1ayk,CA
1b0q,ACE
1b0q,DPN
1b0q,NH2
1b0q,RE
1b0s,AR1
1b0s,AR1
1b1g,CA
1b1g,CA
1b2i,AMH
1b3i,CU1
1b45,NH2
1b4g,SEP
1b4i,SEP
1b4i,SEP
1b4q,GTT
1b5a,HEM
1b5b,HEM
1b5k,EDC
1b60,EDC
1b6x,EDC
1b6y,EDC
1b8t,ZN
1b8t,ZN
1b8t,ZN
1b8t,ZN
1b9r,FES
1b9u,GMA
1ba6,SME
1ba9,ZN
1ba9,CU1
1bae,MCY
1bae,MCY
1bah,PCA
1bah,ABA
1bah,ABA
1bbo,ABA
1bbo,ZN
1bbo,ZN
1bc4,PCA
1bc6,FS3
1bc6,FS4
1bci,CA
1bci,CA
1bcv,ACE
1bd6,FS3
1bd6,FS4
1bde,ACE
1bde,NH2
1bdk,TIH
1bdk,IGL
1bdk,OIC
1be2,PLM
1be5,IGU
1be5,IMC
1be5,IMC
1be5,IGU
1be5,IGU
1be5,IMC
1bei,DNP
1bfw,LML
1bfw,DGN
1bfw,DAR
1bfw,DAL
1bfw,DVA
1bfw,DAR
1bfw,DPR
1bfw,DAL
1bfw,DLE
1bfw,DSN
1bfw,DPN
1bfw,DSP
1bfw,DAR
1bfw,DVA
1bfw,DSN
1bfw,NH2
1bfx,HEM
1bfy,FE
1bfz,ACE
1bh1,NH2
1bhr,IGU
1bhr,IGU
1big,5HP
1bj6,ZN
1bj6,ZN
1bkt,NH2
1bku,NH2
1blv,HEM
1bm6,ZN
1bm6,ZN
1bm6,CA
1bm6,CA
1bm6,HAV
1bm6,3MP
1bm6,MSB
1bmr,NH2
1bnx,ACE
1bor,ZN
1bor,ZN
1bp8,DDA
1bp8,DDA
1bp8,DDA
1bp8,DDL
1bp8,DDB
1bp8,DDA
1bp8,DDA
1bp8,DDA
1bp8,DDL
1bp8,DDB
1bp8,DDA
1bp8,DDA
1bp8,DDA
1bp8,DDL
1bp8,DDB
1bp8,DDA
1bp8,DDA
1bp8,DDA
1bp8,DDL
1bp8,DDB
1bp8,MG
1bp8,MG
1bp8,DXB
1bp8,DXB
1bp8,DXB
1bp8,DXB
1bps,BAP
1bqx,FS4
1bqx,FS4
1brz,PCA
1bt7,ZN
1btq,NH2
1btr,NH2
1bts,NH2
1btt,NH2
1bub,EU
1bub,EU
1buq,NTH
1buq,NTH
1bve,DMP
1bvg,DMP
1bw7,DFT
1bwe,FS4
1bwe,FS4
1bx5,ATD
1bx5,ATD
1bxd,ANP
1byj,GE1
1byj,GE2
1byj,GE3
1byn,CA
1byn,CA
1byn,CA
1byv,NAG
1byv,NH2
1bzb,NAG
1bzb,NAG
1bzb,MAN
1bzb,MAN
1bzb,MAN
1bzb,MAN
1bzb,MAN
1bzb,MAN
1bzb,NH2
1bzf,TMQ
1bzk,ACE
1bzt,PSU
1bzu,PSU
1bzv,DAL
1c07,CA
1c0o,NCO
1c0y,AF
1c2n,HEC
1c2q,T3P
1c2u,ABA
1c2u,ABA
1c35,K
1c35,K
1c35,K
1c35,K
1c35,K
1c35,K
1c35,K
1c35,K
1c35,K
1c35,K
1c35,K
1c35,K
1c35,K
1c35,K
1c35,K
1c35,K
1c35,K
1c35,K
1c35,K
1c35,K
1c38,K
1c38,K
1c38,K
1c38,K
1c38,K
1c38,K
1c38,K
1c38,K
1c38,K
1c38,K
1c38,K
1c38,K
1c38,K
1c38,K
1c38,K
1c38,K
1c38,K
1c38,K
1c38,K
1c38,K
1c4b,DTY
1c4b,DLY
1c4b,DLE
1c4b,DAL
1c4b,DGL
1c4b,DAS
1c4b,DLY
1c4b,DTY
1c4b,DTY
1c4b,DIL
1c4b,DCY
1c4e,PCA
1c6s,HEC
1c7m,HEC
1c95,5AT
1c95,5AT
1c98,NH2
1c9a,NH2
1c9q,ZN
1cb3,ACE
1cb3,NH2
1ccf,HYD
1cch,HEM
1cdr,NAG
1cdr,NAG
1cdr,FUC
1cds,NAG
1cds,NAG
1ced,HEM
1cee,MG
1cee,GCP
1cf4,MG
1cf4,GNP
1cfa,DAR
1cff,CA
1cff,CA
1cff,CA
1cff,CA
1cfh,CBX
1cfh,CBX
1cfh,CBX
1cfh,CBX
1cfh,CBX
1cfh,CBX
1cfh,CBX
1cfh,CBX
1cfh,CBX
1cfh,CBX
1cfh,CBX
1cfh,CBX
1cfi,CGU
1cfi,CGU
1cfi,CGU
1cfi,CGU
1cfi,CGU
1cfi,CGU
1cfi,CGU
1cfi,CGU
1cfi,CGU
1cfi,CGU
1cfi,CGU
1cfi,CGU
1cfl,HYD
1chc,ZN
1chc,ZN
1ckk,CA
1ckk,CA
1ckk,CA
1ckk,CA
1cl4,ZN
1cld,CD
1cld,CD
1clf,FS4
1clf,FS4
1cn2,NH2
1cnl,NH2
1cnn,NH2
1co0,TRP
1co0,TRP
1co4,ZN
1cor,HEM
1cp8,DDA
1cp8,DDL
1cp8,DRI
1cp8,DDA
1cp8,DDA
1cp8,DDL
1cp8,DRI
1cp8,DDA
1cp8,MG
1cp8,DDA
1cp8,DXA
1cp8,DDA
1cp8,DXA
1cr3,BC
1cr8,CA
1crp,GDP
1crp,MG
1crq,GDP
1crq,MG
1crr,GDP
1crr,MG
1csa,BMT
1csa,ABA
1csa,SAR
1csa,MLE
1csa,MLE
1csa,MLE
1csa,MLE
1csa,MVA
1csy,ACE
1csy,PTR
1csy,NH2
1csz,ACE
1csz,PTR
1csz,NH2
1cta,NH2
1cta,NH2
1cta,CA
1cta,CA
1ctd,NH2
1ctd,NH2
1ctd,CA
1ctd,CA
1ctl,ZN
1ctl,ZN
1cur,CU
1cv9,ACE
1cv9,NH2
1cvq,MGG
1cvq,DGL
1cvq,DAR
1cvq,DIL
1cvq,NH2
1cw8,DAR
1cw8,DGL
1cw8,DAR
1cw8,DIL
1cw8,NH2
1cw8,DXX
1cwz,DAR
1cwz,DGL
1cwz,DAR
1cwz,DIL
1cwz,NH2
1cwz,DXX
1cx3,NF
1cx5,MMT
1cxx,ZN
1cxx,ZN
1cya,BMT
1cya,ABA
1cya,SAR
1cya,MLE
1cya,MLE
1cya,MLE
1cya,MLE
1cya,MVA
1cyb,BMT
1cyb,ABA
1cyb,SAR
1cyb,MLE
1cyb,MLE
1cyb,MLE
1cyb,MLE
1cyb,MVA
1cyz,AR1
1cyz,AR1
1cz2,E2P
1d0t,SRA
1d0t,SRA
1d0t,SRA
1d0t,SRA
1d0t,SRA
1d0w,AYA
1d1e,ACE
1d1f,ACE
1d2j,CA
1d2l,CA
1d4u,ZN
1d6g,NH2
1d7n,NH2
1d7t,HYP
1d7t,DTY
1d7t,CY3
1d83,BRI
1d83,ARI
1d83,CPH
1d83,CDR
1d83,CDR
1d83,ERI
1d83,BRI
1d83,ARI
1d83,CPH
1d83,CDR
1d83,CDR
1d83,ERI
1d83,MG
1d9j,NH2
1d9l,NH2
1d9m,NH2
1d9o,NH2
1d9p,NH2
1da4,CPT
1da5,CPT
1daq,CA
1daq,CA
1dau,6CT
1dau,6CT
1dau,6CT
1dau,6CT
1dav,CA
1dav,CA
1dax,FS4
1db6,AAR
1dc8,ASQ
1ddp,CPT
1def,ZN
1dey,CO
1dey,BLM
1dfd,FS4
1dfe,ZN
1dfs,CD
1dfs,CD
1dfs,CD
1dfs,CD
1dft,CD
1dft,CD
1dft,CD
1dfy,HYP
1dfy,DTR
1dfy,CY3
1dfz,HYP
1dfz,DTR
1dfz,CY3
1dg0,HYP
1dg0,DTR
1dg0,CY3
1dg2,NH2
1dgz,ZN
1dip,ACE
1dip,ACE
1dis,BDM
1diu,BDM
1djd,TBT
1dk6,NP3
1dl4,BZA
1dl6,ZN
1dlz,DIV
1dlz,AIB
1dlz,AIB
1dlz,HYP
1dlz,AIB
1dlz,HYP
1dlz,AIB
1dlz,PHL
1dlz,ACE
1dmc,CD
1dmc,CD
1dmc,CD
1dmd,CD
1dmd,CD
1dmd,CD
1dme,CD
1dme,CD
1dme,CD
1dmf,CD
1dmf,CD
1dmf,CD
1do9,HEM
1dox,FES
1doy,FES
1dqb,NAG
1dqb,NAG
1dqc,NH2
1dsa,DSA
1dsc,PXZ
1dsc,DVA
1dsc,SAR
1dsc,MVA
1dsc,DVA
1dsc,SAR
1dsc,MVA
1dsd,PXZ
1dsd,DVA
1dsd,SAR
1dsd,MVA
1dsd,DVA
1dsd,SAR
1dsd,MVA
1dsi,DSI
1dsj,ACE
1dsj,NH2
1dsm,DSA
1dsq,ZN
1dsr,AFA
1dsr,AHB
1dsr,GHP
1dsr,ORN
1dsr,GHP
1dsr,GHP
1dsr,ORN
1dsr,SHP
1dsr,GHP
1dsr,CHP
1dsv,ZN
1dsw,CU
1dsw,ZN
1dt7,CA
1dt7,CA
1dt7,CA
1dt7,CA
1dvh,HEM
1dvv,HEM
1dvw,HG
1dw4,NH2
1dw5,NH2
1dwl,FS4
1dwl,HEC
1dwm,ACE
1dx8,ZN
1dxa,BAP
1dxw,ZN
1dxw,ABK
1dxz,NH2
1e08,FS4
1e08,FS4
1e08,FS4
1e08,FE2
1e08,FE2
1e08,CN
1e08,CN
1e08,CMO
1e08,CMO
1e08,PDT
1e08,ZN
1e08,HEM
1e0a,MG
1e0a,GNP
1e0e,ZN
1e0e,ZN
1e0z,ACE
1e0z,FES
1e10,ACE
1e10,FES
1e3t,NAP
1e4u,ZN
1e4u,ZN
1e74,NH2
1e75,NH2
1e76,NH2
1e88,NAG
1e8b,NAG
1e8e,HEC
1e9j,NAG
1e9j,NAG
1ec4,6HG
1ec4,6HC
1ec4,6HG
1ec4,6HC
1ec4,6HT
1ec4,6HT
1ec4,6HT
1ec4,6HT
1ec4,6HG
1ec4,6HC
1ec4,6HG
1ec4,6HC
1ec4,6HG
1ec4,6HC
1ec4,6HG
1ec4,6HC
1ec4,6HT
1ec4,6HT
1ec4,6HT
1ec4,6HT
1ec4,6HG
1ec4,6HC
1ec4,6HG
1ec4,6HC
1ee7,ACE
1ee7,AIB
1ee7,AIB
1ee7,DIV
1ee7,AIB
1ee7,AIB
1ee7,AIB
1ee7,AIB
1ee7,AIB
1ee7,AIB
1ee7,TPL
1eek,DFT
1eek,MBZ
1ef4,ZN
1egs,ACE
1egs,NH2
1eh2,CA
1ehj,HEC
1ehj,HEC
1ehj,HEC
1eht,TEP
1ei2,NMY
1eii,RTL
1eio,GCH
1eit,NH2
1ejz,6HG
1ejz,6HC
1ejz,6HG
1ejz,6HT
1ejz,6HA
1ejz,6HG
1ejz,6HC
1ejz,6HG
1ejz,PDI
1ekh,1GL
1ekh,2GL
1ekh,1AR
1ekh,DDA
1ekh,DDA
1ekh,1GL
1ekh,2GL
1ekh,1AR
1ekh,DDA
1ekh,DDA
1ekh,CO
1ekh,DXB
1ekh,DXB
1eki,1GL
1eki,2GL
1eki,1AR
1eki,DDA
1eki,DDA
1eki,1GL
1eki,2GL
1eki,1AR
1eki,DDA
1eki,DDA
1eki,CO
1eki,DXB
1eki,DXB
1eky,HEM
1el2,5CM
1eln,5CM
1emn,CA
1emn,CA
1emo,CA
1emo,CA
1eq8,OH
1esk,ZN
1esk,ZN
1ess,ESO
1ess,ESO
1eub,ZN
1eub,ZN
1eub,CA
1eub,CA
1eub,HAV
1eub,3MP
1eub,MSB
1eva,DAL
1eva,ACB
1eva,ADD
1eva,ILG
1eva,DAM
1evb,DAL
1evb,ACB
1evb,ADD
1evb,ILG
1evb,DAM
1evc,ACB
1evc,ADD
1evc,ILG
1evc,MDH
1evd,ACB
1evd,ADD
1evd,ILG
1evd,MDH
1exk,ZN
1exk,ZN
1exl,2AR
1eyf,ZN
1eyo,HYP
1eyo,HYP
1f03,HEM
1f04,HEM
1f0d,NH2
1f0e,NH2
1f0f,NH2
1f0g,NH2
1f0h,NH2
1f22,HEC
1f22,HEC
1f22,HEC
1f2g,FS3
1f3r,NLE
1f40,GPI
1f4s,ZN
1f4s,ZN
1f55,CA
1f55,CA
1f5e,ZN
1f5e,ZN
1f5y,CA
1f5y,CA
1f62,ZN
1f62,ZN
1f6u,ZN
1f6u,ZN
1f6u,NH2
1f6u,CH3
1f78,NCO
1f79,NCO
1f7h,NCO
1f7i,NCO
1f81,ZN
1f81,ZN
1f81,ZN
1f8h,CA
1f8p,NH2
1f8z,CA
1f9x,ZN
1fa4,CU
1faq,ZN
1faq,ZN
1far,ZN
1far,ZN
1fb9,CSU
1fb9,CSU
1fb9,NH2
1fc8,FLO
1fc8,FLO
1fc8,FLO
1fc8,FLO
1fd8,CU1
1feq,T6A
1ff1,CA
1ff7,FUC
1ffm,FUC
1fh3,NH2
1fhb,HEM
1fhb,CYN
1fhb,TML
1fhr,PTR
1fi0,ACE
1fi3,HEC
1fi5,CA
1fi5,CA
1fi6,CA
1fi7,IMD
1fi7,HEC
1fi9,IMD
1fi9,HEC
1fj5,TAX
1fja,PXZ
1fja,DVA
1fja,SAR
1fja,MVA
1fja,DVA
1fja,SAR
1fja,MVA
1fja,PXZ
1fja,DVA
1fja,SAR
1fja,MVA
1fja,DVA
1fja,SAR
1fja,MVA
1fjb,OXO
1fjb,H
1fl8,U8U
1fl8,T6A
1fl8,PSU
1fls,ZN
1fls,ZN
1fls,CA
1fls,WAY
1fm1,ZN
1fm1,ZN
1fm1,CA
1fm1,WAY
1fmh,ACE
1fmh,NH2
1fmh,ACE
1fmh,NH2
1fmn,FMN
1foz,ACE
1fp0,ZN
1fp0,ZN
1fpw,CA
1fpw,CA
1fpw,CA
1fre,ZN
1fu5,PTR
1fu5,PTR
1fu9,ZN
1fv5,ZN
1fv7,DFC
1fv7,DFG
1fv7,DFC
1fv7,DFG
1fv7,CH3
1fv7,CH3
1fv7,CH3
1fv7,CH3
1fv7,CH3
1fv7,CH3
1fv7,CH3
1fv7,CH3
1fv8,DRT
1fvn,AIB
1fvn,NH2
1fvs,CU
1fwq,ZN
1fyi,2AR
1fyi,8OG
1fyp,PAR
1fyy,BP
1fzl,PYP
1fzl,3DR
1fzs,PYP
1fzs,3DR
1g1n,PE6
1g1n,PE6
1g1p,HYP
1g1p,NH2
1g1z,HYP
1g1z,NH2
1g22,CH3
1g25,ZN
1g25,ZN
1g2g,NH2
1g3a,IG
1g3a,IC
1g3a,IG
1g3a,IC
1g3f,ZN
1g47,ZN
1g47,ZN
1g5d,D1P
1g5e,D1P
1g5k,2PL
1g5l,3CO
1g5l,2PL
1g5l,O
1g5l,BLB
1g5l,PEO
1g89,NH2
1g8c,NH2
1gac,ILG
1gac,VAX
1gac,ILG
1gac,VAX
1gat,ZN
1gau,ZN
1gbq,ACE
1gbq,NH2
1gdc,ZN
1gdc,ZN
1gea,LYN
1ggr,PO3
1gib,HYP
1gib,HYP
1gib,HYP
1giw,HEC
1giz,D1P
1gj0,D1P
1gj1,2PL
1gj2,3CO
1gj2,2PL
1gj2,O
1gj2,BLB
1gj2,PEO
1gje,NH2
1gjf,ACE
1gjf,NH2
1gjf,LNK
1gjg,ACE
1gjg,NH2
1gjg,LNK
1gks,HEM
1gn7,GN7
1gnf,ZN
1go9,DPN
1go9,AIB
1go9,NH2
1goe,DPN
1goe,AIB
1goe,NH2
1gpx,GA
1gq0,ACE
1gq0,AIB
1gq0,AIB
1gq0,AIB
1gq0,DIV
1gq0,AIB
1gq0,AIB
1gq0,HYP
1gq0,DIV
1gq0,HYP
1gq0,AIB
1gq0,PDH
1grm,ETA
1grm,ETA
1grx,GTT
1gur,PCA
1guw,MLY
1guw,MLY
1gv6,ATL
1gv6,ATL
1gv6,ATL
1gv6,ATL
1gx7,SF4
1gx7,SF4
1gx7,SF4
1gx7,PDT
1gx7,FE2
1gx7,FE2
1gx7,CYN
1gx7,CYN
1gx7,CMO
1gx7,CMO
1gx7,HEC
1gx7,HEC
1gx7,HEC
1gx7,HEC
1gya,NAG
1gya,NAG
1gya,MAN
1gya,MAN
1gya,MAN
1gya,MAN
1gya,MAN
1gya,MAN
1gya,MAN
1h0q,LKC
1h0q,TLN
1h0q,LCG
1h0q,LCA
1h0q,TLN
1h0q,LCA
1h0q,TLN
1h0q,LCG
1h0q,LCC
1h4b,CA
1h4b,CA
1h7v,ZN
1h9c,CSP
1hcp,ZN
1hcp,ZN
1hcs,PO3
1hct,PO3
1hcw,ACE
1hcw,PYA
1hcw,NH2
1hd4,NAG
1hd4,NAG
1hd4,MAN
1hd4,MAN
1hd4,MAN
1hd4,NAG
1hd4,NAG
1hd4,GAL
1hd4,GAL
1hd9,NLE
1hhv,MSE
1hhw,TLN
1hhx,OMB
1hhx,OMB
1hhx,OMB
1hj7,CA
1hj7,CA
1hko,HEM
1hm1,FAG
1ho6,GAO
1ho6,UAR
1ho6,CAR
1ho6,CAR
1hov,ZN
1hov,ZN
1hov,CA
1hov,CA
1hov,I52
1hpk,ACA
1hpn,SGN
1hpn,IDS
1hpn,SGN
1hpn,IDS
1hpn,SGN
1hpn,IDS
1hpn,SGN
1hpn,IDS
1hpn,SGN
1hpn,IDS
1hpn,SGN
1hpn,IDS
1hr1,NH2
1hra,ZN
1hra,ZN
1hrq,FS4
1hrr,FS4
1hrr,FS4
1hrr,FS4
1hrr,FS4
1hrr,FS4
1hrr,FS4
1hrr,FS4
1hrr,FS4
1hrr,FS4
1hrr,FS4
1hrr,FS4
1hrr,FS4
1hrr,FS4
1hrr,FS4
1hrr,FS4
1hsm,BME
1hsn,BME
1ht4,3DR
1ht4,3DR
1ht7,3DR
1ht7,3DR
1hth,NLE
1hth,ORN
1hth,NLE
1hua,GCU
1hua,NAG
1hua,GCU
1hvn,ZN
1hvo,ZN
1hwv,BPI
1hx4,BPJ
1hyi,ZN
1hyi,ZN
1hyi,ITP
1hyj,ZN
1hyj,ZN
1hz0,PIQ
1hz2,TME
1hz8,CA
1hz8,CA
1hze,RBF
1hze,RBF
1hzl,ROM
1hzn,ACE
1hzn,NH2
1i0u,CA
1i0u,CA
1i18,RBF
1i18,RBF
1i3y,CH3
1i5t,CN
1i5t,HEC
1i5u,HEM
1i5v,PPZ
1i5v,PPZ
1i6d,HEC
1i6e,HEC
1i6y,ACE
1i6y,NH2
1i7v,BZA
1i8e,ACE
1i8e,NH2
1i8g,TPO
1i8h,TPO
1i93,ACE
1i93,NH2
1i98,ACE
1i98,NH2
1ib7,HEM
1ibi,ZN
1ibi,ZN
1ic9,DPR
1ic9,DAL
1icl,DPR
1icl,DAL
1ico,DPR
1ico,DAL
1icy,NH2
1id8,FOP
1id8,DBI
1iek,OCT
1ien,NH2
1ieo,HYP
1ieo,NH2
1iey,OCT
1ig4,CH3
1ig4,CH3
1ih0,CA
1ih0,CA
1ih0,EMD
1ih9,ACE
1ih9,DIV
1ih9,AIB
1ih9,AIB
1ih9,HYP
1ih9,AIB
1ih9,HYP
1ih9,AIB
1ih9,PHL
1iiy,MAN
1iiy,MAN
1iiy,MAN
1iiy,MAN
1ikl,CH3
1ikm,CH3
1iku,MYR
1ilp,ACE
1ilp,ACA
1ilp,NH2
1ilq,ACE
1ilq,ACA
1ilq,NH2
1im7,ACE
1imi,NH2
1iml,ZN
1iml,ZN
1imw,NH2
1in2,ACE
1in2,NH2
1in2,LNK
1in3,ACE
1in3,NH2
1in3,LNK
1iq3,CA
1irs,PTR
1it1,HEC
1it1,HEC
1it1,HEC
1it1,HEC
1it4,CA
1iym,ZN
1iym,ZN
1j0q,HEM
1j2o,ZN
1j2o,ZN
1j3g,ZN
1j3s,HEC
1j4k,PTR
1j4l,TPO
1j4p,TPO
1j4q,TPO
1j56,BEF
1j5b,NH2
1j5c,CU
1j5d,CU
1j5i,NCZ
1j5l,CD
1j5l,CD
1j5l,CD
1j5m,CD
1j5m,CD
1j5m,CD
1j6t,PO3
1j7o,CA
1j7o,CA
1j7p,CA
1j7p,CA
1j8n,ACE
1j8n,BSE
1j8z,ACE
1j8z,BCX
1j9n,PGN
1j9n,ACE
1j9n,HSE
1j9v,ACE
1j9v,DAB
1jaa,ACE
1jaa,DNP
1jar,ACE
1jar,DAB
1jau,NH2
1jav,NH2
1jba,CA
1jba,CA
1jba,CA
1jbf,ACE
1jc2,CA
1jc2,CA
1jc8,ACE
1jc8,DNP
1jcp,ACE
1jcp,DNP
1jd8,ACE
1jd8,DNP
1jdg,BPA
1jdk,ACE
1jdk,DAB
1jem,HIP
1jex,HEM
1jfk,CA
1jfk,CA
1jfk,CA
1jfk,CA
1jfp,RET
1jhi,HEH
1ji9,CD
1ji9,CD
1ji9,CD
1ji9,CD
1jjd,ZN
1jjd,ZN
1jjd,ZN
1jjd,ZN
1jjq,GGP
1jkn,ATP
1jlo,HYP
1jlo,HYP
1jlo,HYP
1jlo,NH2
1jlp,HYP
1jlp,HYP
1jlp,HYP
1jlp,HYP
1jlp,NH2
1jm4,ALY
1jm7,ZN
1jm7,ZN
1jm7,ZN
1jm7,ZN
1jn7,ZN
1jno,FOR
1jno,DLE
1jno,DVA
1jno,DVA
1jno,DLE
1jno,DLE
1jno,DLE
1jno,ETA
1jno,FOR
1jno,DLE
1jno,DVA
1jno,DVA
1jno,DLE
1jno,DLE
1jno,DLE
1jno,ETA
1jo1,DAJ
1jo1,DAJ
1jo3,FOR
1jo3,DLE
1jo3,DVA
1jo3,DVA
1jo3,DLE
1jo3,DLE
1jo3,DLE
1jo3,ETA
1jo3,FOR
1jo3,DLE
1jo3,DVA
1jo3,DVA
1jo3,DLE
1jo3,DLE
1jo3,DLE
1jo3,ETA
1jo4,FOR
1jo4,DLE
1jo4,DVA
1jo4,DVA
1jo4,DLE
1jo4,DLE
1jo4,DLE
1jo4,ETA
1jo4,FOR
1jo4,DLE
1jo4,DVA
1jo4,DVA
1jo4,DLE
1jo4,DLE
1jo4,DLE
1jo4,ETA
1jok,PTP
1joq,PTP
1jq4,FES
1jrf,CA
1jsa,MYR
1jsa,CA
1jsa,CA
1jsp,ALY
1jtb,COA
1jtb,PLM
1jtw,NA
1jtw,NA
1jtw,NA
1jtw,NA
1jtw,NA
1jtw,NA
1jtw,NA
1jtw,NA
1jtw,NA
1jtw,NA
1jtw,NA
1jtw,NA
1jtw,NA
1jtw,NA
1jtw,NA
1ju5,PHS
1jun,ACE
1jun,ACE
1jxd,CU
1jxf,CU
1jy4,DPR
1jy4,DPR
1jy4,DPR
1jy4,DPR
1jy4,DPR
1jy4,DPR
1jy6,DPR
1jy6,DPR
1jy6,DPR
1jy6,DPR
1jy9,DPR
1jzp,DAR
1jzp,NH2
1k09,MPT
1k09,CLG
1k09,ABA
1k09,NH2
1k09,MPT
1k09,CLH
1k09,ABA
1k09,NH2
1k0t,FS4
1k0t,FS4
1k0v,CU1
1k1h,CMR
1k1h,RMP
1k1h,RMP
1k1h,SMP
1k1h,CMR
1k1h,RMP
1k1r,CMR
1k1r,RMP
1k1r,RMP
1k1r,RMP
1k1r,CMR
1k1r,RMP
1k29,M1G
1k2m,PTR
1k2n,TPO
1k3g,HEC
1k3h,HEC
1k3n,TPO
1k3q,TPO
1k5e,ABR
1k5f,ABS
1k5r,ESD
1k5r,NH2
1k5w,CA
1k5w,CA
1k64,HYP
1k64,NH2
1k81,ZN
1k8l,T2S
1k8l,C2S
1k8l,G2S
1k8l,C2S
1k8l,C2S
1k8l,G2S
1k8n,C2S
1k8n,C2S
1k8v,NH2
1k9q,NH2
1k9q,OCT
1k9r,ACE
1ka6,PTR
1ka6,NH2
1kb1,S6G
1kbe,ZN
1kbe,ZN
1kbf,ZN
1kbf,ZN
1kbm,S6G
1kcn,NH2
1kco,NH2
1kcp,HYP
1kcp,NH2
1kdx,SEP
1kfp,PCA
1kfp,NH2
1kgl,RTL
1klr,ZN
1kls,ZN
1kmf,IIL
1kmg,ZN
1kod,CIR
1kos,5MU
1kos,CH
1kpy,CH
1kpz,CH
1kqe,ETA
1kqe,DLE
1kqe,DLE
1kqe,DLE
1kqe,DVA
1kqe,DVA
1kqe,SIN
1kqe,DVA
1kqe,DVA
1kqe,DLE
1kqe,DLE
1kqe,DLE
1kqe,ETA
1kqe,ETA
1kqe,DLE
1kqe,DLE
1kqe,DLE
1kqe,DVA
1kqe,DVA
1kqe,SIN
1kqe,DVA
1kqe,DVA
1kqe,DLE
1kqe,DLE
1kqe,DLE
1kqe,ETA
1kqk,CU1
1kqv,LA
1krx,BEF
1ksb,CPT
1kse,OXI
1kse,OXI
1kse,NH2
1kse,NH2
1ksm,LA
1ktx,NH2
1kvf,NH2
1kvg,NH2
1kvh,NCS
1kvj,CU1
1kwj,HEC
1kwj,HEC
1kwj,HEC
1kx2,HEC
1kx7,HEC
1kxs,HEU
1kyj,ACE
1kyj,A2G
1kyj,A2G
1kyj,A2G
1kzs,ACE
1kzs,NH2
1kzt,ACE
1kzt,NH2
1kzv,ACE
1kzv,NH2
1l0r,NA
1l0r,NA
1l0r,NA
1l0r,NA
1l0r,NA
1l0r,NA
1l0r,NA
1l0r,NA
1l0r,NA
1l0r,NA
1l0r,NA
1l0r,NA
1l0r,NGP
1l1v,PXZ
1l1v,DVA
1l1v,SAR
1l1v,MVA
1l1v,DVA
1l1v,SAR
1l1v,MVA
1l3e,ZN
1l3e,ZN
1l3e,ZN
1l3m,CH3
1l3m,CH3
1l3m,CH3
1l3m,CH3
1l3m,CH3
1l3m,CH3
1l3n,CU1
1l3n,ZN
1l3n,CU1
1l3n,ZN
1l3o,HEC
1l3o,HEC
1l3o,HEC
1l4t,ACE
1l4t,NH2
1l6u,FES
1l6v,FES
1l8c,ZN
1l8c,ZN
1l8c,ZN
1la0,CA
1la0,CA
1la0,CA
1la3,MYR
1la3,CA
1lae,P
1laq,P
1laq,DNR
1las,P
1las,DNR
1lc1,HEC
1lc2,HEC
1lcc,NA
1lcd,NA
1lcm,DAL
1lcm,ACB
1lcm,ADD
1lcm,ILG
1lcm,DAM
1le0,NH2
1le1,NH2
1le3,NH2
1lej,P11
1liq,ZN
1lir,PCA
1ljv,NH2
1lm2,CR
1lm2,HEC
1lm2,HEC
1lm2,HEC
1lmj,CA
1lmj,CA
1lms,HEC
1ln6,RET
1lo1,ZN
1lo1,ZN
1loi,NH2
1lpv,ZN
1lpv,ZN
1lpw,PSU
1lu8,NH2
1lud,NDP
1lud,TRR
1luh,TME
1lui,ACE
1lui,NH2
1luk,ACE
1luk,NH2
1lum,ACE
1lum,NH2
1lun,ACE
1lun,NH2
1luu,OMC
1luu,OMG
1luu,1MG
1luu,5MC
1lux,OMC
1lux,OMG
1lux,5MC
1lv3,ZN
1lv9,MLE
1lvj,PMZ
1lxf,CA
1lxf,BEP
1m0g,CD
1m0g,CD
1m0g,CD
1m0g,CD
1m0j,CD
1m0j,CD
1m0j,CD
1m0v,ACE
1m0v,PTR
1m0v,NH2
1m2c,NH2
1m36,ZN
1m3v,ZN
1m3v,ZN
1m4o,NI2
1m60,HES
1m9o,ZN
1mag,FOR
1mag,DLE
1mag,DVA
1mag,DVA
1mag,DLE
1mag,DLE
1mag,DLE
1mag,ETA
1mag,FOR
1mag,DLE
1mag,DVA
1mag,DVA
1mag,DLE
1mag,DLE
1mag,DLE
1mag,ETA
1mbe,NH2
1mbf,NH2
1mbg,NH2
1mbh,NH2
1mbj,NH2
1mbk,NH2
1me0,U25
1me0,U25
1me0,C25
1me0,G25
1me1,U25
1me1,U25
1me1,C25
1me1,G25
1mea,ZN
1med,ZN
1mfs,ZN
1mfs,ZN
1mgx,CGU
1mgx,CGU
1mgx,CGU
1mgx,CGU
1mgx,CGU
1mgx,CGU
1mgx,CGU
1mgx,CGU
1mgx,CGU
1mgx,CGU
1mgx,CGU
1mgx,CGU
1mhu,CD
1mhu,CD
1mhu,CD
1mhu,CD
1mic,FOR
1mic,DLE
1mic,DVA
1mic,DVA
1mic,DLE
1mic,DLE
1mic,DLE
1mic,ETA
1mic,FOR
1mic,DLE
1mic,DVA
1mic,DVA
1mic,DLE
1mic,DLE
1mic,DLE
1mic,ETA
1mii,NH2
1mk6,X
1mkl,X
1mm2,ZN
1mm2,ZN
1mm3,ZN
1mm3,ZN
1mny,HDM
1mo8,ATP
1mp7,NCG
1mpv,ACE
1mpv,NH2
1mqx,ABA
1mqx,ABA
1mqx,ABA
1mqx,ABA
1mqx,DHA
1mqx,TEE
1mqy,ABA
1mqy,ABA
1mqy,ABA
1mqy,ABA
1mqy,DHA
1mqy,TEE
1mqz,ABA
1mqz,ABA
1mqz,ABA
1mqz,ABA
1mqz,DHA
1mqz,TEE
1mrb,CD
1mrb,CD
1mrb,CD
1mrb,CD
1mrt,CD
1mrt,CD
1mrt,CD
1mrt,CD
1mtg,3CO
1mtg,BLM
1mtg,PEO
1mtq,CGU
1mtq,HYP
1mux,CA
1mux,CA
1mux,CA
1mux,CA
1mux,WW7
1mux,WW7
1mv1,P5P
1mv1,P5P
1mv2,P5P
1mv2,P5P
1mv6,P5P
1mv6,P5P
1mv6,P5P
1mv6,P5P
1mvi,NH2
1mvj,NH2
1mw4,PTR
1mwb,HEM
1mwn,CA
1mwn,CA
1mwn,CA
1mwn,CA
1mwz,ZN
1mx8,RTL
1mxj,BZR
1mxk,3CO
1mxk,BLM
1mxk,PEO
1mxl,CA
1mxn,NH2
1mxp,NH2
1mxq,PCA
1myf,HEM
1myf,CMO
1n09,ACE
1n09,NH2
1n0a,ACE
1n0a,NH2
1n0c,ACE
1n0c,NH2
1n0d,ACE
1n0d,NH2
1n0k,2PL
1n0o,2PL
1n0z,ZN
1n17,S6G
1n1n,AFN
1n2w,8OG
1n2w,8OG
1n37,RSD
1n4b,EHN
1n65,CE
1n89,PGM
1n8c,TBC
1n9c,HEC
1nao,OMG
1nao,OMU
1nao,OMC
1nao,OMC
1nao,OMC
1nau,NH2
1nbk,GND
1nbk,GND
1nc8,ZN
1ncp,ZN
1ncp,ZN
1ncs,ZN
1nee,ZN
1neh,FS4
1nem,RIB
1nem,NED
1nem,BDG
1nem,NEB
1new,HEC
1new,HEC
1new,HEC
1ng8,FOR
1ng8,DLE
1ng8,DVA
1ng8,DVA
1ng8,DLE
1ng8,DLE
1ng8,DLE
1ng8,ETA
1ng8,FOR
1ng8,DLE
1ng8,DVA
1ng8,DVA
1ng8,DLE
1ng8,DLE
1ng8,DLE
1ng8,ETA
1nin,CU
1niq,CU
1niq,CU
1niq,BLM
1niq,BLM
1nix,NH2
1niy,NH2
1nj3,ZN
1njq,ACE
1njq,NH2
1njq,ZN
1nkf,ACE
1nkf,NH2
1nkf,LA
1nku,ZN
1nlo,ACE
1nlo,MN7
1nlo,MN2
1nlo,MN1
1nlo,NH2
1nlp,ACE
1nlp,MN8
1nlp,MN1
1nlp,NH2
1nmi,IMD
1nmi,HEC
1nmw,SO4
1noe,FS4
1npq,CA
1npq,CA
1nrm,FOR
1nrm,DLE
1nrm,DVA
1nrm,DVA
1nrm,DLE
1nrm,DLE
1nrm,DLE
1nrm,ETA
1nrm,FOR
1nrm,DLE
1nrm,DVA
1nrm,DVA
1nrm,DLE
1nrm,DLE
1nrm,DLE
1nrm,ETA
1nru,FOR
1nru,DLE
1nru,DVA
1nru,DVA
1nru,DLE
1nru,DLE
1nru,DLE
1nru,ETA
1nru,FOR
1nru,DLE
1nru,DVA
1nru,DVA
1nru,DLE
1nru,DLE
1nru,DLE
1nru,ETA
1nt5,FOR
1nt5,DLE
1nt5,DVA
1nt5,DVA
1nt5,DLE
1nt5,DLE
1nt5,DLE
1nt5,ETA
1nt5,FOR
1nt5,DLE
1nt5,DVA
1nt5,DVA
1nt5,DLE
1nt5,DLE
1nt5,DLE
1nt5,ETA
1nt6,FOR
1nt6,DLE
1nt6,DVA
1nt6,DVA
1nt6,DLE
1nt6,DLE
1nt6,DLE
1nt6,ETA
1nt6,FOR
1nt6,DLE
1nt6,DVA
1nt6,DVA
1nt6,DLE
1nt6,DLE
1nt6,DLE
1nt6,ETA
1nts,5PC
1nts,5PC
1nts,PDU
1nts,5PC
1nts,5PC
1nts,PDU
1nts,PDU
1ntt,5PC
1ntt,PDU
1ntt,5PC
1ntt,5PC
1ntt,PDU
1ntt,PDU
1nvl,COA
1nvl,PLY
1nvo,ACE
1nvo,NH2
1nvo,ACE
1nvo,NH2
1nwd,CA
1nwd,CA
1nwd,CA
1nwd,CA
1nx7,HEM
1nxn,DTR
1nxn,NH2
1nya,CA
1nya,CA
1nya,CA
1nyp,ZN
1nyp,ZN
1nz1,SSU
1nzm,K
1nzm,K
1nzm,LG1
1nzm,LG1
1nzs,SEP
1nzs,TPO
1nzs,TPO
1nzs,SEP
1nzs,TPO
1nzs,TPO
1nzs,SEP
1o15,TEP
1o1v,TCH
1o2f,PO3
1o5p,CHR
1ocd,HEC
1oci,TLB
1okf,ATL
1okf,ATL
1okf,ATL
1old,ARM
1oln,DHA
1oln,PYT
1oln,ROP
1oln,TZO
1oln,TZB
1oln,TSI
1oln,TZO
1oln,XAA
1oln,QUA
1oln,XBB
1oln,TZO
1omc,NH2
1omg,NH2
1omn,NH2
1on5,5AT
1on5,5AT
1on5,CHD
1on5,CHD
1ont,CGU
1ont,CGU
1ont,CGU
1ont,CGU
1ont,NH2
1onu,CGU
1onu,CGU
1onu,CGU
1onu,CGU
1onu,CGU
1onu,NH2
1oo4,PTR
1oo7,5PC
1oo7,PDU
1oo7,PDU
1oo7,5PC
1oo7,PDU
1oo7,5PC
1oo7,PDU
1oo7,PDU
1oq2,6MC
1oq6,CU
1osr,2DF
1ot0,NH2
1ot4,CU
1ovf,DCZ
1ovf,DCG
1ovf,PXZ
1ovf,DVA
1ovf,SAR
1ovf,MVA
1ovf,DVA
1ovf,SAR
1ovf,MVA
1ovx,ZN
1ovx,ZN
1ozs,CA
1ozs,CA
1p0g,NH2
1p0j,NH2
1p0l,NH2
1p0o,NH2
1p1p,HYP
1p1p,NH2
1p3x,PDU
1p3x,PDU
1p3x,PDU
1p3x,PDU
1p3x,PDU
1p4q,ZN
1p4q,ZN
1p4q,ZN
1p5k,NH2
1p5l,NH2
1p7a,ZN
1p7m,ZN
1p7m,ADK
1p96,DDI
1p9z,PCA
1paa,ZN
1paj,OH
1pak,OH
1pb5,CA
1pbl,OMC
1pbl,OMG
1pbl,OMC
1pbl,OMG
1pbl,OMC
1pbl,OMG
1pbl,OMC
1pbl,OMG
1pbl,OMC
1pbl,OMG
1pbl,OMC
1pbl,OMG
1pbr,PA1
1pbr,PA2
1pbr,PA3
1pbr,PA4
1pbz,ACE
1pbz,NH2
1pbz,ACE
1pbz,NH2
1pbz,PC3
1pcn,OH
1pco,OH
1pdt,GPN
1pdt,CPN
1pdt,TPN
1pdt,APN
1pdt,TPN
1pdt,GPN
1pdt,TPN
1pdt,CPN
1pdt,NH2
1pdx,FES
1peh,ACE
1peh,NH2
1pei,ACE
1pei,NH2
1pfd,FES
1pfh,PHS
1pft,ZN
1pg1,NH2
1pg9,1PT
1pgc,1PT
1pic,ACE
1pic,PTR
1pih,FS4
1pij,FS4
1pik,DAG
1pik,TMR
1pik,MAT
1pik,DLF
1pik,DPA
1pik,MTC
1pir,CA
1pis,CA
1pk2,AHA
1pla,CU
1plb,CU
1pon,ACE
1pon,NH2
1pon,ACE
1pon,NH2
1ppx,MO2
1ppx,8OG
1pqq,CYE
1pqr,HYP
1pqr,HYP
1pqr,HYP
1pqr,HYP
1pqr,HYP
1pqr,NH2
1prr,CA
1prr,CA
1prs,CA
1prs,CA
1pun,MO2
1pun,8OG
1puq,MO2
1puq,8OG
1pus,MO2
1pus,8OG
1put,FES
1pxe,ZN
1pyc,ZN
1pyc,ZN
1pyj,PBO
1q2j,5HP
1q2t,5CM
1q2t,CH
1q2t,CH
1q2t,CH
1q2t,CH
1q2t,5CM
1q2t,CH
1q2t,CH
1q2t,CH
1q2t,CH
1q2t,5CM
1q2t,5CM
1q3m,CGU
1q3m,CGU
1q3m,CGU
1q3y,ZN
1q3y,ZN
1q3z,ZN
1q3z,ZN
1q5w,ZN
1q68,ZN
1q69,ZN
1q7o,FME
1q7o,EHP
1q8n,MGR
1qa4,NH2
1qa5,MYR
1qa5,NH2
1qbh,ZN
1qby,BZA
1qch,NGM
1qch,NA
1qch,NA
1qch,NA
1qch,NA
1qch,NA
1qch,NA
1qch,NA
1qch,NA
1qch,NA
1qd3,RIB
1qd3,IDG
1qd3,BDG
1qd3,CYY
1qdh,MN
1qdh,MN
1qdk,MN
1qdk,MN
1qfa,ACE
1qfa,NH2
1qfb,HYP
1qfb,DTR
1qfb,NH2
1qg1,PTR
1qjk,CD
1qjk,CD
1qjk,CD
1qjk,CD
1qjl,CD
1qjl,CD
1qjl,CD
1qkg,HYD
1qli,ZN
1qli,ZN
1qlk,CA
1qlk,CA
1qlk,CA
1qlk,CA
1qms,CCI
1qms,CCI
1qms,NBU
1qmw,NH2
1qn0,HEC
1qn0,HEC
1qn0,HEC
1qn0,HEC
1qn1,HEC
1qn1,HEC
1qn1,HEC
1qn1,HEC
1qpu,HEM
1qq3,HEB
1qs3,NH2
1qsx,HT
1qsx,HT
1qsx,NA
1qsx,NA
1qsx,NA
1qsx,NA
1qsx,NA
1qsx,NA
1qsx,NA
1qsx,NA
1qsx,NA
1qsx,NA
1qsx,NA
1qsx,NA
1qsx,NA
1qsx,NA
1qsx,NA
1qsx,NA
1qsx,NA
1qsx,NA
1qsx,NA
1quz,NH2
1qx9,NH2
1qxb,RIB
1qxb,RIB
1qxn,PS5
1qxn,PS5
1qxq,NH2
1qyp,ZN
1r2l,CH
1r2l,CH
1r2l,CH
1r2l,CH
1r2n,RET
1r2u,CA
1r4d,8MG
1r4d,DFC
1r4d,DFG
1r4d,8MG
1r4d,DFC
1r4d,DFG
1r4e,DDI
1r6p,CA
1r79,ZN
1r79,ZN
1r84,RET
1r8u,ZN
1r8u,ZN
1r8u,ZN
1r9i,PCA
1r9i,HYP
1r9i,HYP
1r9i,CY3
1r9p,ZN
1r9u,ACE
1r9u,DIV
1r9u,AIB
1r9u,AIB
1r9u,HYP
1r9u,AIB
1r9u,HYP
1r9u,AIB
1r9u,PHL
1r9v,DNE
1r9v,NLE
1r9v,DNE
1r9v,NLE
1r9v,DNE
1r9v,NLE
1r9v,DNE
1r9v,NLE
1r9v,DNM
1r9v,NLE
1r9v,DNE
1r9v,NLE
1raw,AMP
1rf8,MTN
1rf8,MTN
1rf8,MTN
1rf8,MTN
1rf8,M7G
1rfh,ZN
1rfh,ZN
1rgd,ZN
1rgd,ZN
1rgo,ZN
1rgo,ZN
1rgr,BAL
1rjv,CA
1rjv,CA
1rk9,CA
1rk9,CA
1rkk,NH2
1rly,ZN
1rme,CH3
1rme,CH3
1rme,CH3
1rme,CH3
1rml,NTS
1rmx,AIK
1rmx,AIK
1roe,FES
1rof,FS4
1ron,NH2
1rpv,SIN
1rpv,NH2
1ru5,NH2
1ruu,NH2
1rxr,ZN
1rxr,ZN
1ryg,NH2
1ryv,NH2
1s05,HEM
1s0t,A3A
1s1o,NLE
1s1o,DNE
1s1o,NLE
1s1o,DNE
1s1o,NLE
1s1o,DNE
1s1o,NLE
1s1o,DNE
1s1o,NLE
1s1o,DNE
1s1o,NLE
1s1o,DNM
1s1o,NLE
1s1o,DNE
1s1o,NLE
1s1o,NLE
1s1o,DNE
1s1o,NLE
1s1o,DNE
1s1o,NLE
1s1o,DNE
1s1o,NLE
1s1o,DNE
1s1o,NLE
1s1o,DNE
1s1o,NLE
1s1o,DNM
1s1o,NLE
1s1o,DNE
1s1o,NLE
1s1o,BOC
1s1o,BOC
1s24,CD
1s37,EHN
1s4a,DNG
1s4a,NLE
1s4a,DNE
1s4a,NLE
1s4a,DNE
1s4a,NLE
1s4a,DNM
1s4a,NLE
1s4a,DNE
1s4a,NLO
1s4a,DNG
1s4a,NLE
1s4a,DNE
1s4a,NLE
1s4a,DNE
1s4a,NLE
1s4a,DNM
1s4a,NLE
1s4a,DNE
1s4a,NLO
1s4g,OH
1s6i,CA
1s6i,CA
1s6i,CA
1s6i,CA
1s6j,CA
1s6j,CA
1s6u,CU1
1s74,A3A
1s75,A3A
1s88,2DM
1s88,2DM
1s8k,PCA
1s8k,NH2
1s9l,TLN
1s9l,LCG
1s9l,LCG
1s9l,LCG
1s9l,TLN
1s9l,TLN
1s9l,LCG
1s9l,LCG
1s9l,LCG
1s9l,TLN
1s9l,TLN
1s9l,LCG
1s9l,LCG
1s9l,LCG
1s9l,TLN
1s9l,TLN
1s9l,LCG
1s9l,LCG
1s9l,LCG
1s9l,TLN
1s9o,PG7
1sbj,MG
1sbj,MG
1sbu,2MT
1scv,CA
1scv,CA
1scy,NH2
1sfv,CA
1sfw,CA
1sh4,HEM
1shc,PTR
1shi,NH2
1sis,NH2
1sjg,FES
1sjk,ORP
1sjl,ORP
1skl,NAL
1skl,NAL
1smg,CA
1soc,DPN
1soc,DTR
1soc,THO
1sop,ACE
1sop,NH2
1sp1,ZN
1sp2,ZN
1sp6,HOL
1srk,ZN
1ssj,HOB
1sw8,CA
1sw8,CA
1sx1,ZN
1sxm,NH2
1sy9,CA
1sy9,CA
1sy9,CA
1sy9,CA
1t0w,NH2
1t0w,NAG
1t0w,NAG
1t0w,NAG
1t1q,ABA
1t3k,ZN
1t51,NH2
1t52,NH2
1t54,NH2
1t55,NH2
1t5m,DSG
1t5m,ORN
1t5m,DAL
1t5m,DSN
1t5m,MEG
1t5m,KYN
1t5m,DKA
1t5n,DSG
1t5n,ORN
1t5n,DAL
1t5n,DSN
1t5n,MEG
1t5n,KYN
1t5n,DKA
1t6r,SEP
1t6w,CA
1t84,WSK
1t8j,ACE
1t8j,DPR
1t8j,NH2
1t9e,ABA
1t9e,ABA
1tbn,ZN
1tbn,ZN
1tbo,ZN
1tbo,ZN
1tce,PTR
1tcg,NH2
1tch,NH2
1tcj,NH2
1tck,NH2
1ter,NH2
1tf3,ZN
1tf3,ZN
1tf3,ZN
1tfi,ZN
1tfq,ZN
1tfq,998
1tft,ZN
1tft,997
1tkq,MCB
1tkq,DVA
1tkq,DVA
1tkq,DLE
1tkq,DLE
1tkq,DLE
1tkq,MCB
1tkq,DLE
1tkq,DVA
1tkq,DVA
1tkq,DLE
1tkq,DLE
1tkq,DLE
1tkw,CU
1tkw,HEC
1tl4,CU1
1tm6,ZN2
1tne,CH3
1tne,CH3
1tnq,CA
1tnq,CA
1tob,TOA
1tob,TOB
1tob,TOC
1tot,ZN
1tot,ZN
1tr6,HYP
1tr6,HYP
1tr6,NH2
1tt3,NH2
1ttk,NH2
1ttl,HYP
1ttl,HYP
1ttl,HYP
1ttl,NH2
1ttv,IMY
1ttx,CA
1ttx,CA
1tu2,CU
1tu2,HEC
1tuj,TSD
1tum,APC
1tum,CON
1tum,MO2
1tuq,TC1
1tuq,TC1
1tvc,FDA
1txm,NH2
1tz4,NH2
1tz5,NH2
1u01,HDP
1u2n,ZN
1u2n,ZN
1u2n,ZN
1u2u,ACE
1u2u,NH2
1u2u,ACE
1u2u,NH2
1u5s,ZN
1u5s,ZN
1u62,NH2
1u6c,2BU
1u6n,2BD
1u6o,2BU
1u6p,AP7
1u6p,ZN
1u7j,ZN
1u7j,ZN
1u7m,ZN
1u7m,ZN
1u81,MG
1u81,GDP
1u85,ZN
1u86,ZN
1u96,CU1
1uab,6MT
1ugt,CO
1ugt,BLM
1ul2,NH2
1ul4,ZN
1ul4,ZN
1ul5,ZN
1ul5,ZN
1ums,HAE
1ums,MOP
1ums,NH2
1ums,ZN
1ums,ZN
1ums,CA
1umt,HAE
1umt,MOP
1umt,NH2
1umt,ZN
1umt,ZN
1umt,CA
1unc,ACE
1und,ACE
1uph,MYR
1ur6,ZN
1ur6,ZN
1ure,PLM
1urk,FUC
1utr,PCB
1uts,P13
1uud,P14
1uui,P12
1uw0,ZN
1uw2,ZN
1v4q,NH2
1v50,TPO
1v56,NH2
1v5n,ZN
1v5n,ZN
1v5r,ZN
1v6g,ZN
1v6g,ZN
1v7f,NH2
1v87,ZN
1v87,ZN
1v90,NH2
1v91,NH2
1v9x,ZN
1va1,ZN
1va2,ZN
1va3,ZN
1vd4,ZN
1vib,HYP
1vl3,ACE
1vl3,NH2
1vl3,ACE
1vl3,NH2
1vl3,DEU
1vm2,NH2
1vm3,NH2
1vm4,NH2
1vm5,NH2
1vqx,SEP
1vqx,TPO
1vqx,TPO
1vqx,SEP
1vqx,TPO
1vqx,TPO
1vqx,SEP
1vrc,PO3
1vrc,PO3
1vre,HEM
1vre,CMO
1vrf,HEM
1vrf,CMO
1vrv,SEP
1vyx,ZN
1vyx,ZN
1w86,LCH
1w86,LCH
1w86,LCH
1w9n,2OP
1w9n,DHA
1w9n,DBU
1w9n,DBU
1w9n,DAL
1w9n,ABA
1w9n,ABA
1w9n,DBU
1wan,D3
1wbr,ACE
1wbr,NH2
1wco,NAG
1wco,MUB
1wco,FPP
1wco,DGL
1wco,DAL
1wco,DAL
1wco,DBU
1wco,DAL
1wco,DHA
1wco,DBU
1wco,DBU
1wco,DBU
1wco,DBU
1wco,DHA
1wct,CGU
1wct,CGU
1wct,BTR
1wct,GTH
1wct,HYP
1wd2,ZN
1we9,ZN
1we9,ZN
1wee,ZN
1wee,ZN
1wem,ZN
1wem,ZN
1wen,ZN
1wen,ZN
1weo,ZN
1weo,ZN
1wep,ZN
1wep,ZN
1weq,ZN
1weq,ZN
1wes,ZN
1wes,ZN
1weu,ZN
1weu,ZN
1wev,ZN
1wev,ZN
1wew,ZN
1wew,ZN
1wfe,ZN
1wfe,ZN
1wff,ZN
1wff,ZN
1wfh,ZN
1wfh,ZN
1wfk,ZN
1wfk,ZN
1wfl,ZN
1wfl,ZN
1wfp,ZN
1wfp,ZN
1wfz,ZN
1wg2,ZN
1wg2,ZN
1wge,ZN
1whe,CGU
1whe,CGU
1whe,CGU
1whe,CGU
1whe,CGU
1whe,CGU
1whe,CGU
1whe,CGU
1whe,CGU
1whe,CGU
1whe,CGU
1whe,CGU
1whe,DOH
1whf,CGU
1whf,CGU
1whf,CGU
1whf,CGU
1whf,CGU
1whf,CGU
1whf,CGU
1whf,CGU
1whf,CGU
1whf,CGU
1whf,CGU
1whf,CGU
1whf,DOH
1wig,ZN
1wig,ZN
1wii,ZN
1wil,ZN
1wil,ZN
1wim,ZN
1wim,ZN
1wir,ZN
1wj0,ZN
1wj2,ZN
1wja,ZN
1wja,ZN
1wjb,ZN
1wjb,ZN
1wjc,ZN
1wjc,ZN
1wjd,ZN
1wjd,ZN
1wje,CD
1wje,CD
1wjf,CD
1wjf,CD
1wjp,ZN
1wjp,ZN
1wjp,ZN
1wjv,ZN
1wjv,ZN
1wo0,NH2
1wo1,NH2
1wo3,ZN
1wo4,ZN
1wo5,ZN
1wo6,ZN
1wo7,ZN
1wpk,CYM
1wpk,ZN
1wso,5HP
1wso,NH2
1wts,2MG
1wts,MA6
1wts,MA6
1wtt,2MG
1wtt,MA6
1wtt,MA6
1wug,NP1
1wum,NP2
1wwd,ZN
1wwe,ZN
1wwf,ZN
1wwg,ZN
1wyh,ZN
1wyh,ZN
1wys,ZN
1wys,ZN
1wz5,ABA
1wz5,ABA
1x0n,DTF
1x3c,ZN
1x3h,ZN
1x3h,ZN
1x4i,ZN
1x4i,ZN
1x4j,ZN
1x4j,ZN
1x4k,ZN
1x4k,ZN
1x4l,ZN
1x4l,ZN
1x4s,ZN
1x4s,ZN
1x4u,ZN
1x4u,ZN
1x4v,ZN
1x4v,ZN
1x4w,ZN
1x4w,ZN
1x5w,ZN
1x5w,ZN
1x61,ZN
1x61,ZN
1x62,ZN
1x62,ZN
1x63,ZN
1x63,ZN
1x64,ZN
1x64,ZN
1x68,ZN
1x68,ZN
1x6a,ZN
1x6a,ZN
1x6e,ZN
1x6e,ZN
1x6f,ZN
1x6h,ZN
1x6h,ZN
1x6w,TMS
1x6w,TMS
1x95,XR2
1x9l,CU1
1xav,K
1xav,K
1xbh,DCY
1xci,TTM
1xci,TTM
1xcy,DXD
1xcz,DXN
1xf7,ZN
1xfe,CA
1xfe,CA
1xfn,HC4
1xfq,HC4
1xga,NH2
1xgb,NH2
1xgc,NH2
1xjh,ZN
1xjs,ZN
1xnl,NH2
1xox,ZN
1xox,ZN
1xpa,ZN
1xrw,2PT
1xrz,HAC
1xrz,ZN
1xsc,ATP
1xst,NCO
1xsu,NCO
1xt7,DKA
1xt7,ORN
1xt7,DAL
1xt7,DSN
1xt7,LME
1xt7,KYN
1xv0,P5P
1xv4,NH2
1xv6,C2L
1xv6,G2L
1xv6,C2L
1xv6,G2L
1xv6,A2L
1xv6,A2L
1xv6,U2L
1xv6,U2L
1xv6,C2L
1xv6,G2L
1xv6,C2L
1xv6,G2L
1xv7,NH2
1xwh,ZN
1xwh,ZN
1xxe,ZN
1xxe,TUX
1xxz,DTR
1xxz,IAM
1xxz,IYR
1xy4,DHN
1xy4,DTR
1xy4,IAM
1xy5,DHN
1xy5,DTR
1xy5,IAM
1xy5,193
1xy6,DTR
1xy6,IAM
1xy8,DTR
1xy8,IAM
1xy8,HHK
1xy9,DTR
1xy9,IAM
1xy9,IYR
1xyd,CA
1xyd,CA
1xyd,ZN
1xyd,CA
1xyd,CA
1xyd,ZN
1y0j,ZN
1y0j,ZN
1y3j,CU
1y4e,HSL
1y58,NH2
1y8f,ZN
1y8f,ZN
1y9h,5CM
1y9h,BP
1ycm,ZN
1ycm,ZN
1ycm,CA
1ycm,CA
1ycm,CA
1ycm,NGH
1yct,3DR
1yct,3DR
1ycw,3DR
1ycw,3DR
1yfc,M3L
1yfc,HEC
1yg3,CH
1yg4,CH
1yho,NDP
1yho,TRR
1yic,M3L
1yic,HEC
1yji,FES
1yjj,FES
1yjt,CU1
1yjv,CU1
1ykg,FMN
1yl8,DPN
1yl8,DTR
1yl9,DPN
1yl9,DTR
1yl9,CH4
1ylb,CU1
1yn2,MN6
1yn2,MN6
1yn2,MN6
1yn2,MN6
1yop,ZN
1ysg,4FC
1ysg,TN1
1ysi,N3B
1ysn,43B
1ysw,43B
1ysx,4EB
1yui,ZN
1yuj,ZN
1yut,CA
1yut,CA
1yut,CA
1yut,CA
1yuu,CA
1yuu,CA
1yuu,CA
1yuu,CA
1yws,ZN
1yz2,NH2
1z3j,ZN
1z3j,ZN
1z3j,CA
1z3j,CA
1z3j,CA
1z3j,NGH
1z60,ZN
1z60,ZN
1z64,NH2
1z6c,CA
1z6c,CA
1z8r,ZN
1zdc,NH2
1zdd,NH2
1ze7,ACE
1ze7,NH2
1ze9,ACE
1ze9,NH2
1ze9,ZN
1zec,ACE
1zec,NH2
1zfd,ZN
1zfo,ACE
1zfo,ZN
1zgw,CYM
1zgw,ZN
1znf,NH2
1znf,ZN
1znm,BTA
1znm,BTC
1znm,ZN
1znt,PFF
1znt,PFF
1znt,NH2
1znt,NAG
1znt,NAG
1znt,NAG
1zpx,ACE
1zpx,NH2
1zr9,ZN
1zrp,ZN
1zrr,NI2
1zto,AAR
1zu1,ZN
1zu1,ZN
1zue,MED
1zw8,ZN
1zw8,ZN
1zwf,ACE
1zwg,SIN
1zwu,NAL
202d,MNG
202d,MNG
203d,PSO
204d,PSO
207d,DDA
207d,DDA
207d,CRH
207d,DDA
207d,DDL
207d,MDA
207d,DDA
207d,DDA
207d,CRH
207d,DDA
207d,DDL
207d,MDA
207d,MG
207d,DDA
207d,DDA
207d,CRH
207d,DDA
207d,DDL
207d,MDA
207d,DDA
207d,DDA
207d,CRH
207d,DDA
207d,DDL
207d,MDA
207d,MG
214d,OME
219d,S
226d,BIZ
229d,UMP
229d,UMP
229d,UMP
229d,CH3
229d,CH3
2a00,ANP
2a0t,TPO
2a20,ZN
2a20,ZN
2a23,ZN
2a23,ZN
2a29,ANP
2a5r,POH
2a93,ACE
2a93,NH2
2a93,ACE
2a93,NH2
2a9h,PCA
2ab3,ZN
2ab7,ZN
2adr,ZN
2adr,ZN
2af2,ZN
2af2,ZN
2aff,SEP
2aff,TPO
2aff,TPO
2aiy,IPH
2aiy,IPH
2aiy,IPH
2aiy,IPH
2aiy,IPH
2aiy,IPH
2alc,ZN
2alc,ZN
2aqc,ZN
2arg,ARM
2aw0,AG
2awq,PSU
2awv,MCY
2awv,MCY
2axx,HEM
2ayk,ZN
2ayk,ZN
2ayk,CA
2azh,ZN
2b3i,CU1
2b5k,NH2
2bai,ZN
2bbm,CA
2bbm,CA
2bbm,CA
2bbm,CA
2bbn,CA
2bbn,CA
2bbn,CA
2bbn,CA
2bdo,BTN
2bkd,HSO
2bkd,HSO
2bkd,HSO
2bmt,5HP
2brz,PCA
2bta,NH2
2btb,NH2
2bun,FAD
2c6a,ZN
2c6b,ZN
2cco,HYP
2cco,HYP
2cco,HYP
2cco,NH2
2co8,ZN
2co8,ZN
2con,ZN
2cor,ZN
2cor,ZN
2cot,ZN
2cot,ZN
2cqe,ZN
2cqe,ZN
2cqf,ZN
2cqf,ZN
2cr8,ZN
2crc,ZN
2crr,ZN
2crw,ZN
2cs2,ZN
2cs3,ZN
2cs3,ZN
2cs8,ZN
2cs8,ZN
2csh,ZN
2csh,ZN
2csh,ZN
2csv,ZN
2csv,ZN
2csy,ZN
2csy,ZN
2csz,ZN
2csz,ZN
2ct0,ZN
2ct0,ZN
2ct1,ZN
2ct1,ZN
2ct2,ZN
2ct2,ZN
2ct5,ZN
2ct7,ZN
2ct7,ZN
2ctd,ZN
2ctd,ZN
2ctn,CA
2ctt,ZN
2ctt,ZN
2ctu,ZN
2cu8,ZN
2cu8,ZN
2cup,ZN
2cup,ZN
2cup,ZN
2cuq,ZN
2cuq,ZN
2cur,ZN
2cur,ZN
2da8,QUI
2da8,CH3
2da8,QUI
2da8,CH3
2def,NI
2dvh,HEC
2ech,NH2
2esy,NH2
2etz,ACE
2etz,ACE
2etz,PTR
2etz,NH2
2eu0,ACE
2eu0,ACE
2eu0,PTR
2eu0,NH2
2ew4,HYP
2ew4,NH2
2fci,ACE
2fci,PTR
2fci,PTR
2fci,GMA
2fej,ZN
2few,SEP
2fj4,CD
2fj4,CD
2fj4,CD
2fj4,CD
2fj5,CD
2fj5,CD
2fj5,CD
2fj5,CD
2fk4,ZN
2fn2,NAG
2fnf,ZN
2fnf,ZN
2fq5,ACE
2fq5,NH2
2fq8,ACE
2fq8,NH2
2frc,HEC
2gat,ZN
2gbq,ACE
2gbq,NH2
2gda,ZN
2gda,ZN
2giw,HEC
2mag,NH2
2mhu,CD
2mhu,CD
2mhu,CD
2mlp,NH2
2mrb,CD
2mrb,CD
2mrb,CD
2mrt,CD
2mrt,CD
2mrt,CD
2neo,NCS
2new,HEC
2new,HEC
2new,HEC
2nmb,PTR
2pac,HEM
2pas,CA
2pas,CA
2pcf,CU
2pcf,HEC
2pik,DAG
2pik,DSR
2pik,HIB
2pik,MRP
2pik,EMP
2pik,MTC
2pld,PO3
2ple,PO3
2soc,DPN
2soc,DTR
2soc,THO
2srt,INH
2srt,ZN
2srt,ZN
2tob,TOA
2tob,2TB
2tob,TOC
2znf,ZN
3aiy,IPH
3aiy,IPH
3aiy,IPH
3aiy,IPH
3aiy,IPH
3aiy,IPH
3alc,ZN
3alc,ZN
3ayk,ZN
3ayk,ZN
3ayk,CA
3ayk,CGS
3btb,NH2
3cmh,AIB
3ctn,CA
3ctn,CA
3cys,BMT
3cys,ABA
3cys,SAR
3cys,MLE
3cys,MLE
3cys,MLE
3cys,MLE
3cys,MVA
3eze,PO3
3gat,ZN
3gbq,ACE
3gbq,NH2
3grx,GTT
3pat,CA
3pat,CA
3phy,HC4
3usn,ZN
3usn,ZN
3usn,CA
3usn,CA
3usn,CA
3usn,ATT
3znf,ZN
4aiy,IPH
4aiy,IPH
4aiy,IPH
4aiy,IPH
4aiy,IPH
4aiy,IPH
4ayk,ZN
4ayk,ZN
4ayk,CA
4ayk,CGS
4gat,ZN
4gbq,ACE
4gbq,NH2
4znf,ZN
5aiy,IPH
5aiy,IPH
5aiy,IPH
5aiy,IPH
5aiy,IPH
5aiy,IPH
5gat,ZN
5gcn,COA
5znf,ZN
6cmh,AIB
6gat,ZN
7gat,ZN
7znf,ZN
8psh,SC
8psh,GS
8psh,TS
8psh,SC
8psh,AS
8psh,GS
8psh,GS
9pcy,CU
