pdb_id,model_count_type
103d,1
104d,1
105d,2
106d,2
107d,2
108d,2
124d,1
132d,1
134d,1
135d,1
136d,2
139d,2
140d,1
141d,1
142d,1
143d,2
146d,2
148d,2
149d,2
156d,2
169d,1
170d,1
171d,1
175d,1
176d,2
177d,2
179d,2
17ra,2
185d,2
186d,2
193d,2
199d,2
1a03,2
1a0n,2
1a11,2
1a13,2
1a1d,1
1a1p,2
1a1t,2
1a1u,1
1a1w,1
1a1z,1
1a23,1
1a24,2
1a2i,2
1a2s,1
1a3m,2
1a3p,2
1a4d,1
1a4t,2
1a51,2
1a56,1
1a57,2
1a5e,2
1a5j,2
1a5r,2
1a60,2
1a63,2
1a66,2
1a67,2
1a6b,2
1a6h,2
1a6s,2
1a6x,2
1a7f,2
1a7i,1
1a7m,2
1a83,2
1a84,1
1a8c,1
1a8n,2
1a8w,2
1a90,2
1a91,2
1a93,1
1a9g,1
1a9h,1
1a9i,1
1a9j,1
1a9l,2
1a9v,2
1aa3,1
1aa9,1
1aab,2
1aaf,2
1ab2,2
1ab3,2
1ab7,2
1abt,2
1abv,1
1abz,2
1ac0,1
1ac3,2
1ac7,2
1ac9,2
1aca,2
1aci,2
1acp,2
1acw,2
1acz,2
1ad7,1
1adn,2
1adr,2
1adx,2
1adz,2
1ael,2
1aey,2
1af1,1
1af8,2
1aff,2
1afh,2
1afi,2
1afj,2
1afo,2
1afp,2
1aft,2
1afx,2
1afz,1
1ag2,1
1ag3,1
1ag4,1
1ag5,1
1ag7,2
1agg,2
1agh,1
1agk,1
1ago,1
1agt,2
1agu,1
1agz,1
1ah1,2
1ah2,2
1ah9,2
1ahd,2
1ahk,1
1ahl,2
1ahm,2
1ai0,2
1aiw,2
1aiy,2
1aj1,2
1aj3,2
1aj4,1
1aje,2
1ajf,1
1ajl,1
1ajt,1
1aju,2
1ajw,2
1ajy,2
1ak6,1
1ak7,2
1ak8,2
1akk,1
1akp,2
1akx,1
1al5,2
1al9,1
1ale,2
1alf,2
1alg,2
1am0,2
1amb,1
1amc,2
1amd,1
1aml,2
1anp,2
1anr,2
1ans,2
1ao1,1
1ao2,1
1ao4,1
1ao8,2
1ao9,2
1aoo,1
1aot,1
1aou,2
1aoy,2
1ap0,2
1ap1,1
1ap4,2
1ap7,2
1ap8,2
1apc,1
1apf,2
1apj,2
1apo,2
1apq,2
1aps,2
1aq5,2
1aqa,1
1aqg,2
1aqo,2
1aqq,2
1aqr,1
1aqs,2
1ard,2
1are,2
1arf,2
1arj,2
1ark,2
1arq,2
1arr,1
1as5,2
1at4,2
1ata,1
1atb,1
1atd,2
1ate,2
1ato,2
1atv,2
1atw,2
1atx,2
1aty,2
1au5,1
1au6,1
1aud,2
1aul,1
1auu,2
1auz,2
1av3,2
1aw0,2
1aw3,1
1aw4,2
1aw6,2
1awe,2
1awj,1
1awo,2
1aww,2
1awx,1
1awy,1
1awz,2
1ax3,2
1ax6,2
1ax7,2
1axh,2
1axj,2
1axl,2
1axo,2
1axp,2
1axu,2
1axv,2
1axx,2
1ay3,2
1ayg,2
1ayj,2
1ayk,2
1az6,2
1aze,2
1azg,1
1azh,2
1azj,2
1azk,2
1b03,2
1b0q,1
1b0s,1
1b10,2
1b1a,1
1b1g,2
1b1v,2
1b22,2
1b28,2
1b2i,2
1b2t,2
1b36,2
1b3c,2
1b3i,1
1b3p,2
1b45,2
1b4c,2
1b4g,2
1b4i,2
1b4m,2
1b4o,1
1b4q,2
1b4r,2
1b4y,2
1b50,2
1b53,1
1b5a,1
1b5b,1
1b5k,2
1b5n,1
1b60,1
1b64,2
1b69,1
1b6f,2
1b6x,2
1b6y,2
1b75,2
1b8q,2
1b8t,2
1b8w,2
1b9g,1
1b9p,1
1b9q,2
1b9r,2
1b9u,2
1ba4,2
1ba5,2
1ba6,2
1ba9,2
1bae,1
1bah,2
1bak,2
1bal,2
1bau,1
1bax,1
1bb8,2
1bba,1
1bbg,1
1bbi,1
1bbl,1
1bbn,1
1bbo,2
1bbx,1
1bby,1
1bc4,2
1bc6,2
1bc9,1
1bcb,2
1bce,2
1bci,1
1bcn,2
1bct,2
1bcv,2
1bd6,1
1bdc,2
1bdd,1
1bde,2
1bdk,1
1bds,1
1bdz,1
1be1,1
1be2,2
1be5,1
1beg,2
1bei,2
1bf0,2
1bf8,2
1bf9,2
1bfi,2
1bfj,1
1bfm,2
1bfw,2
1bfx,1
1bfy,2
1bfz,2
1bgk,2
1bgz,2
1bh1,2
1bh4,2
1bh7,1
1bha,2
1bhb,2
1bhi,2
1bhr,1
1bhu,1
1bi6,1
1big,2
1bip,2
1biv,2
1bj2,2
1bj6,2
1bj8,1
1bjb,2
1bjc,2
1bjd,1
1bjh,2
1bjx,2
1bk8,2
1bkt,2
1bku,2
1bl1,1
1bla,1
1bld,2
1blj,2
1blk,2
1blq,2
1blr,2
1blv,1
1bm4,2
1bm5,2
1bm6,2
1bmr,2
1bmw,2
1bmx,2
1bn0,2
1bn9,1
1bnb,2
1bno,1
1bnp,2
1bnr,2
1bnx,2
1bo0,1
1bo9,2
1boc,2
1bod,2
1boe,2
1bom,1
1bon,2
1bor,1
1bp8,1
1bpr,1
1bps,1
1bpv,2
1bq0,2
1bqf,2
1bqt,2
1bqv,2
1bqx,1
1bqz,2
1br0,2
1brv,2
1brz,2
1bsh,2
1bsn,1
1bt7,2
1bta,1
1btb,2
1btq,1
1btr,2
1bts,1
1btt,2
1btv,2
1bu9,2
1bub,1
1buf,1
1buj,2
1buq,2
1bus,2
1but,2
1buy,1
1buz,1
1bv2,2
1bv8,1
1bve,2
1bvg,1
1bvh,2
1bvj,2
1bvm,2
1bw3,2
1bw4,2
1bw5,2
1bw6,1
1bw7,1
1bwe,2
1bwg,2
1bwm,2
1bwt,1
1bwx,2
1bwy,2
1bx5,1
1bxd,2
1bxj,2
1bxl,1
1bxp,2
1by0,2
1by1,2
1by6,2
1byj,2
1bym,2
1byn,2
1byv,2
1byx,2
1byy,2
1bz2,1
1bz3,1
1bzb,2
1bzf,2
1bzg,2
1bzk,2
1bzt,1
1bzu,1
1bzv,1
1c01,2
1c05,1
1c06,2
1c07,2
1c0o,2
1c0v,2
1c0y,2
1c11,2
1c15,2
1c17,1
1c20,2
1c2n,2
1c2q,1
1c2u,2
1c32,2
1c34,2
1c35,1
1c38,1
1c3t,2
1c3y,2
1c3z,1
1c49,2
1c4b,2
1c4e,2
1c4l,1
1c54,2
1c55,2
1c56,1
1c5a,2
1c6s,2
1c6w,2
1c7m,2
1c7u,1
1c7v,2
1c7w,1
1c89,2
1c8a,1
1c8p,2
1c95,1
1c98,2
1c99,2
1c9a,2
1c9f,2
1c9q,1
1cb1,2
1cb3,2
1cb9,2
1cbh,1
1ccf,2
1cch,1
1ccm,2
1ccn,1
1ccq,2
1ccv,2
1cdb,2
1cdn,2
1cdq,2
1cdr,2
1cds,2
1ce3,2
1ce4,2
1ced,2
1cee,2
1cej,2
1cek,1
1ceu,1
1cey,2
1cf4,2
1cfa,2
1cfc,2
1cfd,1
1cfe,2
1cff,2
1cfg,2
1cfh,2
1cfi,2
1cfl,1
1cfp,2
1cg7,2
1chc,1
1chl,2
1chv,1
1ci5,2
1cir,2
1cis,2
1cix,2
1cj5,2
1cjg,2
1ck2,1
1ck5,1
1ck8,2
1ck9,2
1ckk,2
1ckr,2
1ckv,2
1ckw,2
1ckx,2
1cky,2
1ckz,2
1cl3,2
1cl4,2
1clb,2
1cld,2
1clf,2
1clh,2
1cmf,2
1cmg,2
1cmo,2
1cmr,2
1cmz,2
1cn2,2
1cn7,2
1cn8,1
1cn9,2
1cnl,2
1cnn,2
1cnp,2
1co0,2
1co1,2
1co4,2
1coc,1
1cod,1
1coe,2
1cok,2
1coo,1
1cop,2
1cor,1
1cou,2
1cp8,1
1cpz,2
1cq0,1
1cq5,1
1cqg,2
1cqh,1
1cql,2
1cqo,2
1cqu,2
1cr3,2
1cr8,2
1cre,1
1crf,2
1crp,2
1crq,1
1crr,2
1cs2,2
1cs9,2
1csa,2
1csy,2
1csz,1
1ct6,2
1cta,1
1ctd,2
1cti,1
1ctl,2
1cto,1
1cur,2
1cv9,1
1cvo,2
1cvq,2
1cw5,2
1cw6,2
1cw8,2
1cww,2
1cwx,2
1cwz,2
1cx1,2
1cx3,2
1cx5,1
1cxn,1
1cxo,2
1cxr,2
1cxw,2
1cxx,1
1cya,1
1cyb,2
1cye,2
1cyl,2
1cyu,2
1cyv,1
1cyz,1
1cz2,2
1cz4,1
1cz5,2
1cz6,2
1d0r,2
1d0t,2
1d0u,2
1d0w,2
1d18,1
1d19,1
1d1d,2
1d1e,2
1d1f,2
1d1h,2
1d1n,2
1d1o,2
1d1r,2
1d20,1
1d2b,2
1d2d,2
1d2j,2
1d2l,2
1d3x,2
1d3z,2
1d42,2
1d4b,2
1d4u,1
1d5g,2
1d5q,1
1d5v,2
1d68,1
1d69,1
1d6b,2
1d6d,2
1d6g,1
1d6k,2
1d6t,2
1d6x,2
1d70,2
1d7n,2
1d7q,2
1d7t,2
1d83,1
1d8b,2
1d8j,2
1d8k,1
1d8v,1
1d8z,1
1d9a,1
1d9j,2
1d9l,2
1d9m,2
1d9n,2
1d9o,2
1d9p,2
1d9s,2
1da4,2
1da5,2
1daq,1
1dau,1
1dav,2
1dax,1
1db6,2
1dbd,1
1dby,2
1dc2,2
1dc7,1
1dc8,1
1dcj,2
1dcz,1
1dd2,2
1ddb,2
1ddf,1
1ddm,2
1ddp,2
1de1,2
1de2,2
1de3,2
1dec,2
1def,2
1dem,1
1den,2
1dep,1
1dey,1
1df3,2
1df6,2
1dfd,2
1dfe,1
1dfs,1
1dft,1
1dfy,2
1dfz,2
1dg0,2
1dg2,2
1dg4,2
1dgn,2
1dgo,2
1dgq,2
1dgu,1
1dgv,1
1dgz,2
1dhh,1
1dhm,1
1dip,2
1dis,1
1diu,2
1djd,1
1djf,1
1djm,2
1dk2,2
1dk3,1
1dk6,1
1dk9,1
1dkc,2
1dl0,2
1dl4,1
1dl6,2
1dlz,2
1dmc,1
1dmd,2
1dme,1
1dmf,2
1dmo,2
1dmz,2
1dn3,1
1dng,1
1dny,2
1do9,2
1dom,1
1don,2
1doq,1
1dox,2
1doy,2
1dp3,2
1dpk,2
1dpq,2
1dpu,2
1dqb,2
1dqc,2
1drn,1
1dro,2
1drr,2
1drs,2
1ds9,2
1dsa,2
1dsc,1
1dsd,1
1dsi,2
1dsj,2
1dsk,2
1dsm,2
1dsq,2
1dsr,2
1dsv,2
1dsw,1
1dt7,2
1dtc,2
1dtk,2
1dtv,1
1du1,1
1du2,2
1du6,2
1du9,2
1duf,2
1duj,1
1dum,2
1dv0,2
1dv5,2
1dv9,2
1dvc,1
1dvd,2
1dvh,2
1dvv,2
1dvw,2
1dw4,2
1dw5,2
1dwl,2
1dwm,2
1dwy,1
1dwz,2
1dx0,1
1dx1,2
1dx7,2
1dx8,2
1dxa,1
1dxn,2
1dxw,2
1dxz,2
1dz1,2
1dz5,2
1dz7,2
1dzc,2
1dzd,2
1e08,1
1e09,2
1e0a,2
1e0e,2
1e0g,2
1e0h,2
1e0l,2
1e0m,2
1e0n,2
1e0q,2
1e0z,2
1e10,2
1e17,2
1e1g,2
1e1j,1
1e1p,2
1e1s,1
1e1u,2
1e1w,1
1e2b,2
1e3t,1
1e3y,1
1e41,2
1e4p,2
1e4q,2
1e4r,2
1e4s,2
1e4t,2
1e4u,2
1e52,2
1e5b,1
1e5c,2
1e5g,2
1e5u,1
1e68,2
1e74,2
1e75,2
1e76,2
1e7j,2
1e88,2
1e8b,1
1e8e,2
1e8j,2
1e8l,2
1e8p,1
1e8q,2
1e8r,2
1e91,2
1e95,2
1e9j,2
1e9k,1
1e9t,2
1eal,2
1ebq,2
1ebr,2
1ebs,2
1ec4,1
1eci,2
1ecu,2
1ed0,2
1ed7,2
1edi,1
1edj,2
1edk,1
1edl,2
1edp,1
1eds,1
1edv,1
1edw,1
1edx,1
1ee7,1
1eeg,2
1eek,1
1ees,2
1ef4,2
1ef5,1
1efe,2
1efs,2
1egf,2
1egl,2
1ego,2
1egr,2
1egs,2
1egt,2
1egx,2
1eh2,2
1ehj,1
1ehs,1
1eht,2
1ehx,2
1ei0,1
1ei2,2
1eig,1
1eih,2
1eii,2
1eij,2
1eik,2
1eio,2
1eit,2
1eiw,2
1ej5,2
1ejp,2
1ejq,2
1ejz,1
1eka,1
1ekd,1
1ekh,2
1eki,1
1ekw,1
1eky,2
1ekz,2
1el0,2
1el2,1
1elh,2
1eln,1
1emn,1
1emo,2
1emq,1
1emw,2
1emx,2
1emz,1
1en1,2
1enw,2
1eo0,2
1eo1,2
1eoq,1
1eor,1
1eot,1
1epg,1
1eph,2
1epi,1
1epj,2
1eq0,2
1eq1,2
1eq3,2
1eq8,1
1eqk,2
1eqx,2
1era,1
1erc,2
1erd,2
1erg,1
1erh,2
1erp,2
1ery,2
1esh,1
1esk,2
1ess,1
1esx,1
1esy,2
1etf,1
1etg,2
1eu2,2
1eu6,2
1eub,2
1ev0,2
1eva,2
1evb,1
1evc,2
1evd,1
1evm,2
1evn,2
1evo,2
1ew1,2
1ewi,1
1ews,2
1eww,2
1exe,2
1exg,1
1exh,2
1exk,2
1exl,2
1exy,2
1ey1,2
1eyf,2
1eyo,2
1eza,1
1ezb,2
1ezc,2
1ezd,2
1eze,2
1ezn,2
1ezo,2
1ezp,2
1ezt,1
1ezy,2
1f03,1
1f04,2
1f0d,2
1f0e,2
1f0f,2
1f0g,2
1f0h,2
1f0z,2
1f16,2
1f22,2
1f2g,2
1f2h,1
1f2r,1
1f3c,2
1f3k,2
1f3r,1
1f3s,2
1f3y,2
1f40,2
1f43,2
1f4i,2
1f4s,2
1f53,1
1f54,2
1f55,2
1f5e,1
1f5g,2
1f5h,2
1f5u,1
1f5x,2
1f5y,2
1f62,2
1f68,2
1f6g,2
1f6u,2
1f6v,2
1f6x,1
1f6z,1
1f70,2
1f71,2
1f78,1
1f79,1
1f7e,2
1f7f,2
1f7g,2
1f7h,2
1f7i,2
1f7m,1
1f7w,1
1f7x,2
1f81,2
1f84,2
1f85,2
1f8h,2
1f8p,2
1f8z,2
1f95,1
1f96,2
1f9l,1
1f9x,1
1fa3,2
1fa4,2
1fac,1
1fad,2
1faf,2
1faq,2
1far,1
1fb9,2
1fbr,1
1fc8,2
1fcl,2
1fct,2
1fd6,2
1fd8,1
1fdf,1
1fdm,2
1feo,2
1feq,2
1fes,1
1fex,2
1ff1,2
1ff7,2
1ffj,2
1ffm,1
1fgd,2
1fge,2
1fgp,2
1fh1,1
1fh3,2
1fhb,2
1fhk,2
1fho,2
1fhq,2
1fhr,2
1fhs,2
1fht,2
1fi0,2
1fi3,1
1fi5,2
1fi6,2
1fi7,1
1fi9,2
1fj5,2
1fj7,2
1fja,2
1fjb,2
1fjc,2
1fjd,2
1fje,2
1fjk,1
1fjn,2
1fjp,2
1fkc,1
1fkr,2
1fks,1
1fkt,1
1fky,2
1fkz,2
1fl8,2
1fli,2
1fls,1
1fm1,2
1fme,2
1fmf,2
1fmh,2
1fmm,1
1fmn,2
1fmy,1
1fnx,2
1fo5,2
1fo7,2
1fov,2
1fow,1
1fox,2
1foy,1
1foz,2
1fp0,1
1fpw,2
1fqp,2
1fqq,2
1fqz,1
1fr0,2
1fra,2
1fre,1
1fry,2
1fsb,2
1fsd,2
1fsh,2
1fsp,2
1fsv,1
1ftt,2
1ftz,2
1fu3,2
1fu5,1
1fu6,1
1fu9,2
1ful,2
1fuv,2
1fuw,2
1fv5,2
1fv7,2
1fv8,2
1fvl,2
1fvn,2
1fvq,1
1fvs,1
1fvy,2
1fw5,1
1fw7,2
1fwo,2
1fwp,1
1fwq,1
1fxt,1
1fyb,2
1fyc,1
1fyg,2
1fyi,2
1fyj,2
1fyo,2
1fyp,2
1fyy,1
1fzl,2
1fzs,2
1fzt,2
1fzx,2
1g03,2
1g04,2
1g10,1
1g11,2
1g14,2
1g1e,2
1g1n,2
1g1p,2
1g1z,2
1g22,1
1g25,2
1g26,2
1g2g,2
1g2h,2
1g2s,1
1g2t,2
1g3a,1
1g3f,1
1g3g,2
1g47,2
1g4d,2
1g4f,2
1g4g,1
1g5d,2
1g5e,2
1g5j,1
1g5k,2
1g5l,2
1g5m,1
1g5v,2
1g5w,2
1g6e,2
1g6j,2
1g6m,2
1g6p,2
1g6z,2
1g70,2
1g7d,2
1g7e,2
1g7o,2
1g7z,2
1g80,2
1g84,2
1g89,2
1g8c,2
1g90,2
1g91,2
1g92,2
1g9e,2
1g9l,2
1g9p,2
1ga3,2
1gab,2
1gac,2
1gat,1
1gau,2
1gb1,2
1gb4,2
1gbq,1
1gbr,2
1gcc,1
1gcf,2
1gd3,1
1gd4,1
1gd5,2
1gdc,1
1gdf,1
1ge9,2
1gea,2
1gfc,1
1gfd,2
1ggr,2
1ggw,2
1gh1,2
1gh5,1
1gh8,2
1gh9,2
1ghc,2
1ghh,2
1ghj,1
1ghk,2
1ght,1
1ghu,2
1gib,2
1gio,2
1gip,2
1giw,1
1giz,1
1gj0,1
1gj1,1
1gj2,1
1gje,1
1gjf,1
1gjg,1
1gjh,1
1gjj,1
1gjs,2
1gjt,1
1gjx,2
1gjz,2
1gk5,2
1gkg,2
1gkn,2
1gks,2
1gl5,2
1gl8,2
1gm0,2
1gm1,2
1gm2,2
1gn7,2
1gna,2
1gnb,2
1gnc,2
1gnf,2
1go0,2
1go1,1
1go5,2
1go9,1
1goe,2
1gp8,2
1gps,2
1gpt,2
1gpx,2
1gq0,2
1grm,2
1grx,2
1gtc,2
1guc,2
1gur,2
1guw,2
1gv6,2
1gw3,1
1gw4,1
1gwp,2
1gx7,1
1gxe,2
1gxg,1
1gxh,2
1gxi,2
1gxv,1
1gxx,1
1gya,2
1gyf,2
1gyz,2
1h0l,2
1h0q,2
1h0t,2
1h0z,2
1h1j,2
1h20,2
1h2o,2
1h3h,2
1h3z,2
1h4b,2
1h5o,2
1h5p,2
1h67,2
1h6q,1
1h7d,2
1h7j,2
1h7v,2
1h7y,2
1h8b,2
1h8c,2
1h8m,1
1h92,2
1h95,2
1h9c,2
1h9e,2
1h9f,2
1ha6,2
1ha8,2
1ha9,2
1haa,1
1hae,2
1haf,1
1haj,2
1hbw,2
1hcc,1
1hcd,1
1hce,1
1hcp,2
1hcs,1
1hct,2
1hcw,2
1hd0,1
1hd1,2
1hd4,2
1hd6,2
1hd9,2
1hdj,2
1hdl,2
1hdn,2
1hdp,1
1heh,1
1hej,2
1hev,2
1hf9,2
1hff,2
1hfg,1
1hfh,1
1hfi,1
1hfn,2
1hg9,2
1hhn,2
1hhv,2
1hhw,2
1hhx,2
1hi7,2
1hic,2
1hiq,2
1his,2
1hit,2
1hj0,1
1hj7,2
1hjd,2
1hji,2
1hjm,1
1hjn,2
1hk6,2
1hko,2
1hks,1
1hkt,2
1hky,2
1hll,1
1hls,2
1hlx,2
1hly,2
1hm1,1
1hma,2
1hme,1
1hmf,2
1hmj,1
1hn3,2
1hn6,2
1hnr,1
1hns,2
1ho0,2
1ho2,1
1ho6,2
1ho7,1
1ho9,2
1hod,1
1hof,2
1hom,2
1hoq,2
1hov,2
1hoy,2
1hp2,2
1hp3,2
1hp8,1
1hp9,1
1hph,2
1hpj,2
1hpk,1
1hpn,1
1hpw,2
1hpy,2
1hqb,1
1hqi,2
1hr1,2
1hra,2
1hre,1
1hrf,2
1hrj,2
1hrl,2
1hrq,1
1hrr,2
1hry,1
1hrz,2
1hs1,1
1hs2,1
1hs3,1
1hs4,1
1hs5,2
1hs7,2
1hs8,1
1hsm,1
1hsn,2
1hsq,1
1ht4,2
1ht7,2
1hth,2
1htx,2
1hu5,2
1hu6,2
1hu7,2
1hua,1
1hue,2
1hui,2
1hum,1
1hun,2
1hv2,2
1hvn,2
1hvo,2
1hvw,2
1hvz,2
1hwq,2
1hwv,2
1hx2,2
1hx4,2
1hx7,2
1hxv,2
1hy8,1
1hy9,2
1hyi,2
1hyj,2
1hyk,2
1hym,1
1hyw,2
1hz0,2
1hz2,1
1hz3,2
1hz8,2
1hze,1
1hzk,2
1hzl,2
1hzm,1
1hzn,1
1i02,2
1i0u,1
1i11,2
1i16,2
1i17,2
1i18,2
1i1s,2
1i25,2
1i26,2
1i2u,2
1i2v,2
1i34,2
1i35,2
1i3x,2
1i3y,2
1i42,2
1i46,1
1i4b,1
1i4c,1
1i4v,2
1i56,1
1i5h,2
1i5j,2
1i5t,1
1i5u,1
1i5v,2
1i6c,2
1i6d,2
1i6e,2
1i6f,1
1i6g,2
1i6y,2
1i6z,2
1i7v,1
1i87,2
1i8c,1
1i8e,2
1i8g,2
1i8h,2
1i8x,2
1i8y,2
1i93,2
1i98,2
1i9f,2
1i9k,1
1ib7,2
1ib8,1
1ib9,2
1iba,2
1ibi,2
1ibn,2
1ibo,2
1ibx,2
1ic9,2
1ica,2
1ich,1
1icl,2
1ico,2
1icy,2
1id6,2
1id7,1
1id8,2
1idg,1
1idh,2
1idi,1
1idl,2
1idv,2
1idx,2
1idy,1
1idz,2
1ie1,2
1ie2,2
1ie5,2
1ie6,2
1ieh,2
1iek,2
1ien,2
1ieo,2
1iet,1
1ieu,2
1iey,2
1iez,2
1ifw,2
1ify,2
1ig4,2
1ig6,2
1igl,2
1ih0,2
1ih9,2
1ihq,2
1ihv,1
1ihw,2
1ii1,2
1iie,2
1iij,2
1iio,2
1iiy,1
1ija,2
1ijc,2
1ijp,2
1ijz,1
1ik0,2
1ik1,1
1ik8,1
1ikc,2
1ikd,2
1ikl,1
1ikm,2
1iku,2
1il6,1
1il8,1
1ilf,2
1ilo,2
1ilp,2
1ilq,1
1ily,2
1im1,2
1im7,1
1imi,2
1iml,2
1imo,1
1imp,2
1imq,1
1imt,2
1imu,2
1imw,2
1in1,2
1in2,2
1in3,2
1inz,2
1io6,1
1iob,1
1iog,2
1ioh,2
1ioj,2
1iou,2
1iox,2
1ip0,1
1ip9,2
1ipg,1
1iq3,2
1iqo,2
1iqs,1
1iqt,2
1ir5,2
1irf,1
1irg,2
1irh,2
1irl,1
1irp,2
1irr,2
1irs,1
1iry,2
1irz,2
1isk,2
1it1,2
1it4,1
1it5,1
1itf,2
1iti,2
1itl,1
1itm,1
1itp,2
1ity,2
1iu0,1
1iu2,2
1iuf,1
1iur,2
1iuy,2
1iv0,2
1iv6,2
1iva,2
1ivm,2
1ivt,2
1ivz,2
1iw4,2
1iwc,2
1iwf,2
1ix5,2
1ixa,1
1ixd,2
1ixt,2
1ixu,1
1iy3,1
1iy4,1
1iy5,2
1iy6,2
1iyc,2
1iyf,2
1iyg,2
1iym,2
1iyr,2
1iyt,2
1iyu,1
1iyv,2
1iyy,2
1j03,2
1j0f,2
1j0g,2
1j0q,2
1j0s,2
1j0t,2
1j1h,2
1j26,2
1j2m,1
1j2n,1
1j2o,2
1j3c,2
1j3d,2
1j3g,2
1j3s,2
1j3t,2
1j3x,2
1j46,1
1j47,1
1j4k,1
1j4l,1
1j4m,1
1j4o,1
1j4p,1
1j4q,1
1j4v,1
1j4w,1
1j4y,1
1j56,1
1j57,1
1j5b,2
1j5c,2
1j5d,1
1j5h,2
1j5i,2
1j5j,1
1j5k,1
1j5l,1
1j5m,1
1j5n,2
1j6q,1
1j6t,2
1j6y,2
1j7h,2
1j7m,2
1j7o,2
1j7p,2
1j7q,2
1j7r,1
1j8c,2
1j8i,2
1j8k,2
1j8n,2
1j8z,2
1j9i,2
1j9n,2
1j9o,1
1j9v,2
1jaa,2
1jaj,2
1jar,2
1jas,2
1jau,2
1jav,1
1jba,2
1jbd,1
1jbf,2
1jbh,2
1jbi,2
1jbj,2
1jbl,2
1jbn,2
1jc2,2
1jc6,2
1jc8,2
1jco,2
1jcp,2
1jcu,2
1jd8,2
1jdg,1
1jdk,2
1jdm,2
1jdq,2
1je3,2
1je4,1
1je9,2
1jeg,2
1jei,2
1jem,2
1jex,2
1jfj,2
1jfk,1
1jfn,2
1jfp,1
1jfw,2
1jgk,2
1jgn,2
1jh3,2
1jh4,2
1jhb,2
1jhi,2
1ji8,2
1ji9,1
1jic,1
1jjd,1
1jjg,2
1jjj,2
1jjp,2
1jjq,2
1jjr,2
1jjs,2
1jjx,2
1jjz,2
1jkn,2
1jkz,2
1jli,1
1jlo,2
1jlp,2
1jlz,2
1jm4,2
1jm7,2
1jmn,2
1jmp,2
1jmq,2
1jn7,2
1jnj,2
1jno,1
1jns,2
1jnt,1
1jo1,1
1jo3,1
1jo4,1
1jo5,2
1jo6,2
1jo7,2
1jok,1
1joo,1
1joq,2
1jor,2
1jox,2
1joy,2
1jp0,2
1jq1,1
1jq2,2
1jq4,2
1jqr,2
1jr5,2
1jr6,2
1jrf,2
1jrj,2
1jrm,1
1jru,1
1jrv,2
1jrw,1
1js5,1
1js7,2
1jsa,2
1jsp,2
1jt8,2
1jtb,2
1jtj,2
1jtw,2
1ju0,2
1ju1,2
1ju5,1
1ju7,2
1ju8,1
1jua,2
1jun,2
1jur,2
1juu,2
1jv8,2
1jv9,1
1jvc,2
1jve,2
1jvr,2
1jw2,2
1jw3,2
1jwc,1
1jwd,2
1jwe,2
1jww,2
1jxc,1
1jxd,1
1jxf,2
1jxs,2
1jy4,2
1jy6,2
1jy9,1
1jyp,2
1jyt,2
1jzc,1
1jzp,1
1jzu,2
1k09,2
1k0h,2
1k0p,2
1k0s,2
1k0t,2
1k0v,2
1k0x,2
1k18,1
1k19,2
1k1c,2
1k1g,2
1k1h,1
1k1r,1
1k1v,2
1k1z,1
1k29,1
1k2g,1
1k2h,2
1k2j,1
1k2k,1
1k2m,2
1k2n,2
1k36,2
1k37,1
1k3g,2
1k3h,1
1k3j,2
1k3k,1
1k3m,2
1k3n,2
1k3q,2
1k42,2
1k43,2
1k45,1
1k48,1
1k4a,2
1k4b,2
1k4u,2
1k4x,2
1k5e,1
1k5f,1
1k5i,2
1k5k,2
1k5o,1
1k5r,2
1k5w,2
1k64,2
1k6g,2
1k6h,2
1k76,1
1k7b,2
1k81,2
1k85,2
1k8b,2
1k8h,2
1k8j,1
1k8l,1
1k8m,1
1k8n,1
1k8o,2
1k8s,1
1k8v,2
1k91,2
1k99,2
1k9c,2
1k9h,1
1k9l,1
1k9q,2
1k9r,2
1ka5,2
1ka6,1
1ka7,1
1kaj,1
1kal,2
1kat,2
1kb1,1
1kb7,1
1kb8,2
1kbd,2
1kbe,1
1kbf,2
1kbh,2
1kbm,1
1kbs,1
1kbt,2
1kc4,2
1kcn,2
1kco,2
1kcp,2
1kcy,2
1kd6,2
1kde,2
1kdf,1
1kdl,1
1kdu,1
1kdx,2
1kef,1
1kfh,2
1kfp,2
1kft,2
1kfz,2
1kg1,2
1kgl,2
1kgm,2
1khm,2
1kik,2
1kio,2
1kis,1
1kj0,2
1kj5,2
1kj6,2
1kjk,2
1kjs,2
1kka,2
1kkd,2
1kkg,2
1kks,2
1kkv,2
1kkw,2
1kkx,2
1kl8,1
1kla,2
1klc,1
1kld,2
1klp,2
1klq,1
1klr,2
1kls,2
1klv,2
1km7,1
1kma,2
1kmd,2
1kmf,2
1kmg,2
1kmr,2
1kmx,2
1kn5,1
1kn6,2
1kn7,2
1koc,1
1kod,1
1kos,2
1kot,2
1koy,1
1koz,2
1kp7,1
1kpd,1
1kpp,2
1kpq,2
1kpy,2
1kpz,1
1kq8,2
1kqe,1
1kqh,2
1kqi,2
1kqk,2
1kqq,2
1kqv,2
1kr8,2
1kri,2
1krs,1
1krt,2
1krw,2
1krx,2
1ks0,2
1ks6,2
1ksb,1
1kse,1
1ksm,1
1ksq,2
1ksr,2
1ktm,2
1ktu,2
1ktx,2
1kul,2
1kum,1
1kun,2
1kup,2
1kuw,2
1kuz,2
1kv4,2
1kvf,2
1kvg,2
1kvh,2
1kvi,2
1kvj,2
1kvn,2
1kvv,1
1kvz,2
1kwd,2
1kwe,2
1kwj,1
1kx2,1
1kx6,2
1kx7,2
1kxl,2
1kxs,2
1kyj,2
1kz0,2
1kz2,2
1kz5,2
1kzs,2
1kzt,2
1kzv,2
1kzw,2
1kzx,2
1l0m,1
1l0r,1
1l1c,1
1l1i,2
1l1k,2
1l1m,2
1l1p,2
1l1v,2
1l1w,1
1l2m,1
1l2n,2
1l2y,2
1l2z,2
1l3e,2
1l3g,2
1l3h,2
1l3m,2
1l3n,2
1l3o,2
1l3q,1
1l3x,2
1l3y,2
1l4s,2
1l4t,1
1l4v,2
1l4w,1
1l5c,2
1l5d,1
1l5e,1
1l5i,2
1l6e,2
1l6h,1
1l6n,2
1l6t,2
1l6u,2
1l6v,2
1l7b,2
1l7y,2
1l8c,2
1l8y,2
1l8z,1
1la0,1
1la3,2
1la4,2
1la8,1
1lab,2
1lac,1
1lae,1
1lai,1
1laq,1
1las,1
1lb0,1
1lb7,2
1lbj,2
1lc1,1
1lc2,2
1lc6,2
1lcc,1
1lcd,2
1lcm,1
1lcx,2
1ld5,2
1ld6,2
1ldl,2
1ldr,2
1ldz,2
1le0,2
1le1,2
1le3,2
1lea,1
1leb,2
1lej,2
1lfc,2
1lfu,2
1lg4,2
1lgl,2
1lip,2
1liq,2
1lir,2
1ljv,2
1ljz,2
1lkj,2
1lkn,2
1lkq,2
1ll8,2
1lm0,2
1lm2,2
1lmj,2
1lmm,2
1lmr,2
1lms,1
1lmv,2
1lmz,2
1ln6,1
1lnp,2
1lo1,2
1loi,2
1lpv,2
1lpw,2
1lq7,2
1lqc,2
1lqh,1
1lqi,2
1lqq,2
1lr1,2
1lre,2
1ls4,2
1ls8,2
1lsi,2
1lu8,2
1lud,2
1luh,1
1lui,2
1luk,1
1lum,2
1lun,1
1lup,2
1luu,2
1lux,2
1lv3,2
1lv4,2
1lv9,2
1lvj,2
1lvq,1
1lvr,1
1lvs,2
1lvz,2
1lwa,2
1lwm,2
1lwr,2
1lx8,2
1lxf,2
1lxg,2
1lxh,1
1lxl,1
1ly7,2
1lyp,1
1m02,2
1m0g,2
1m0j,2
1m0v,2
1m12,2
1m23,2
1m25,2
1m2c,2
1m2e,1
1m2f,2
1m2s,2
1m30,2
1m31,2
1m36,2
1m39,2
1m3a,2
1m3b,2
1m3c,2
1m3g,1
1m3v,2
1m42,1
1m4e,2
1m4f,2
1m4o,2
1m4p,2
1m4q,2
1m58,2
1m5l,2
1m5z,2
1m60,1
1m62,2
1m6a,1
1m7k,2
1m7l,2
1m7t,2
1m82,2
1m8b,2
1m8c,2
1m8l,1
1m8m,2
1m8o,2
1m94,2
1m9g,2
1m9l,2
1m9o,2
1m9w,2
1ma2,2
1ma4,2
1ma5,2
1ma6,2
1mag,1
1maj,2
1mak,2
1mb6,2
1mbe,1
1mbf,2
1mbg,1
1mbh,2
1mbj,1
1mbk,2
1mc7,2
1mdi,1
1mdj,2
1mdk,2
1me0,2
1me1,2
1mea,1
1med,2
1mek,2
1meq,1
1mf6,2
1mfj,2
1mfk,2
1mfn,2
1mfs,2
1mfy,2
1mg8,2
1mgs,2
1mgx,2
1mh6,1
1mhi,2
1mhj,2
1mhu,1
1mi2,2
1mic,2
1mii,2
1mis,1
1mit,1
1mjd,2
1mk3,2
1mk6,1
1mkc,1
1mke,2
1mkl,1
1mkn,1
1mm0,2
1mm2,2
1mm3,2
1mm4,2
1mm5,2
1mmc,2
1mnb,1
1mnl,2
1mnt,2
1mnx,2
1mny,1
1mo7,2
1mo8,2
1mot,2
1mp1,2
1mp6,1
1mp7,2
1mpe,2
1mph,2
1mpv,2
1mpz,2
1mq1,2
1mqx,2
1mqy,2
1mqz,2
1mr0,2
1mr4,2
1mr6,2
1mrb,1
1mrt,1
1mse,1
1msf,2
1msg,1
1msh,2
1msz,2
1mt4,2
1mtg,1
1mtq,2
1mtx,2
1mut,2
1muv,1
1mux,2
1muz,2
1mv0,2
1mv1,1
1mv2,1
1mv3,2
1mv4,2
1mv6,2
1mvg,2
1mvi,2
1mvj,2
1mvz,2
1mw4,2
1mwb,2
1mwg,1
1mwn,2
1mwy,2
1mwz,2
1mx7,2
1mx8,2
1mxj,1
1mxk,1
1mxl,2
1mxn,2
1mxp,2
1mxq,2
1my9,1
1myf,2
1myn,2
1myo,2
1myq,1
1myu,2
1mzi,2
1mzk,2
1mzt,1
1n02,2
1n09,2
1n0a,2
1n0c,2
1n0d,2
1n0k,1
1n0o,2
1n0z,2
1n14,2
1n17,2
1n1k,2
1n1n,1
1n1u,2
1n27,2
1n2w,1
1n2y,2
1n37,1
1n3g,2
1n3h,1
1n3j,1
1n3k,2
1n4b,1
1n4c,2
1n4i,2
1n4n,2
1n4t,2
1n4y,2
1n53,1
1n5g,2
1n5h,2
1n5p,2
1n65,2
1n66,2
1n6t,2
1n6u,2
1n6v,1
1n6z,2
1n72,1
1n7l,2
1n7t,2
1n87,2
1n88,2
1n89,2
1n8c,2
1n8l,1
1n8m,2
1n8x,2
1n91,2
1n96,2
1n9c,2
1n9d,2
1n9j,1
1n9u,2
1n9v,2
1na2,2
1naj,2
1nao,1
1nau,2
1nb1,2
1nbj,2
1nbk,1
1nbl,2
1nbr,2
1nc0,2
1nc8,2
1ncp,1
1ncs,2
1nct,1
1ncu,2
1ncv,2
1nd9,2
1ne3,2
1ne5,2
1nea,2
1neb,1
1nee,2
1neh,1
1nei,2
1nem,2
1neq,1
1ner,2
1nev,2
1new,2
1nfa,2
1ng7,2
1ng8,1
1ngl,1
1ngo,2
1ngr,2
1ngu,2
1nh4,2
1nh5,2
1nha,2
1nhm,1
1nhn,2
1nho,2
1ni7,2
1ni8,1
1nil,1
1nim,2
1nin,2
1niq,1
1nix,2
1niy,2
1niz,1
1nj0,2
1nj3,2
1njq,2
1nk2,2
1nk3,1
1nkf,2
1nkl,2
1nku,2
1nla,2
1nlo,1
1nlp,1
1nm4,1
1nm7,2
1nmf,2
1nmg,1
1nmi,1
1nmj,1
1nmr,2
1nmv,2
1nmw,2
1nnv,2
1no8,2
1noe,2
1noq,2
1nor,2
1np5,1
1np9,2
1npq,2
1nq4,2
1nr3,2
1nra,1
1nrb,2
1nre,1
1nrm,1
1nru,1
1ns1,2
1nsh,2
1nso,2
1nt5,1
1nt6,1
1ntc,2
1nti,2
1ntq,1
1ntr,2
1nts,1
1ntt,1
1ntx,2
1nvl,2
1nvo,2
1nwb,2
1nwd,2
1nwv,2
1nx7,2
1nxi,2
1nxn,2
1nxr,2
1ny4,2
1ny8,2
1ny9,2
1nya,2
1nyb,2
1nyd,1
1nyf,1
1nyg,2
1nyj,1
1nyn,2
1nyo,2
1nyp,2
1nz1,2
1nz8,2
1nz9,2
1nzm,2
1nzp,2
1nzs,2
1o0l,2
1o0p,2
1o15,1
1o1u,2
1o1v,2
1o1w,2
1o2f,2
1o4x,1
1o53,2
1o5p,2
1o6w,2
1o6x,2
1o78,2
1o7b,2
1o7c,2
1o8r,2
1o8t,2
1o8y,2
1o8z,2
1o9a,2
1oa5,2
1oa6,2
1oav,1
1oaw,2
1oca,2
1ocd,1
1oci,2
1ocp,2
1odp,2
1odq,2
1odr,2
1oef,2
1oeg,2
1oeh,2
1oei,2
1of9,2
1og7,2
1oh1,2
1ohm,2
1ohn,2
1oig,2
1ojg,2
1oka,2
1okd,2
1okf,2
1old,2
1olg,1
1olh,2
1oln,1
1om2,2
1oma,2
1omb,1
1omc,2
1omg,2
1omn,2
1omq,2
1omt,2
1omu,2
1on4,2
1on5,1
1onb,2
1onm,2
1ont,2
1onu,2
1onv,2
1oo3,1
1oo4,1
1oo7,2
1oo9,1
1op1,1
1op4,1
1opi,2
1opp,2
1opq,2
1opz,1
1oq0,2
1oq2,2
1oq3,2
1oq6,2
1oqa,2
1oqk,2
1oqp,2
1oqy,2
1or5,1
1orl,2
1orm,2
1orx,2
1osl,2
1osr,2
1osw,2
1osx,2
1ot0,2
1ot4,2
1otr,2
1ov2,2
1ovf,2
1ovq,2
1ovx,1
1ovy,2
1ow5,1
1ow9,2
1owa,2
1owt,2
1oww,2
1owx,2
1oy2,1
1oyi,2
1oz8,2
1ozi,2
1ozo,2
1ozs,2
1ozz,2
1p00,2
1p0a,2
1p0g,2
1p0j,2
1p0l,2
1p0o,2
1p0r,1
1p0u,2
1p1a,2
1p1d,2
1p1e,2
1p1p,2
1p1t,2
1p23,2
1p3x,2
1p4q,2
1p4s,2
1p4w,2
1p5k,2
1p5l,2
1p5m,2
1p5n,2
1p5o,2
1p5p,1
1p68,2
1p6q,2
1p6r,2
1p6s,2
1p6t,2
1p6u,2
1p7a,2
1p7e,1
1p7f,1
1p7m,2
1p82,2
1p83,2
1p88,2
1p89,2
1p8a,2
1p8b,2
1p8g,2
1p94,2
1p96,2
1p97,2
1p98,2
1p9c,2
1p9d,2
1p9f,2
1p9j,2
1p9k,2
1p9z,2
1pa4,2
1paa,2
1paj,2
1pak,1
1pan,1
1pao,2
1pav,2
1pb5,2
1pba,2
1pbl,1
1pbm,1
1pbr,1
1pbu,2
1pbz,2
1pc0,2
1pc2,2
1pce,2
1pcn,1
1pco,2
1pcp,2
1pd6,2
1pd7,2
1pdc,1
1pdt,2
1pdx,2
1pe3,2
1pe4,2
1peh,2
1pei,2
1pes,1
1pet,2
1pfd,2
1pfh,2
1pfj,2
1pfl,2
1pfm,2
1pfn,2
1pfs,1
1pft,2
1pg1,2
1pg9,1
1pgc,2
1pgy,2
1pi7,2
1pi8,2
1pib,2
1pic,1
1pih,2
1pij,1
1pik,2
1pir,1
1pis,2
1pit,2
1pjd,1
1pje,1
1pjf,2
1pjv,2
1pjw,2
1pjy,2
1pjz,2
1pk2,1
1pks,1
1pkt,2
1pla,2
1plb,1
1plo,2
1plp,2
1pls,2
1plw,2
1plx,2
1pm6,2
1pmc,2
1pmr,2
1pms,2
1pmx,2
1pn5,2
1pnb,2
1pnh,2
1pnj,1
1pog,2
1pon,2
1poq,2
1pou,2
1poz,2
1pp5,2
1ppq,2
1ppx,2
1pqn,2
1pqq,2
1pqr,2
1pqs,2
1pqt,2
1pqx,2
1pra,2
1prb,1
1prl,2
1prm,1
1prr,1
1prs,2
1pru,1
1prv,2
1ps2,2
1psb,2
1pse,2
1psf,1
1psm,2
1psv,2
1psy,2
1pt4,2
1pu1,2
1pu3,2
1pul,2
1pun,2
1puq,2
1pus,2
1put,2
1pux,2
1puz,2
1pv0,2
1pv3,2
1pve,2
1pvz,2
1pwj,2
1pwk,2
1px9,1
1pxe,2
1pxq,2
1pyc,2
1pyj,1
1pyv,2
1pzq,2
1pzr,2
1q01,2
1q02,2
1q0v,2
1q0w,2
1q10,2
1q1o,2
1q1v,2
1q27,2
1q2f,2
1q2i,2
1q2j,2
1q2k,2
1q2n,2
1q2t,1
1q2z,2
1q38,2
1q3j,2
1q3m,2
1q3t,1
1q3y,1
1q3z,1
1q48,2
1q53,2
1q56,2
1q59,1
1q5f,2
1q5l,2
1q5w,2
1q60,2
1q68,2
1q69,2
1q6a,1
1q6b,2
1q71,2
1q75,2
1q7i,2
1q7j,2
1q7o,2
1q7x,2
1q80,2
1q8g,2
1q8k,2
1q8l,2
1q8n,2
1q8x,2
1q9f,2
1q9g,2
1q9p,2
1qa4,2
1qa5,2
1qbf,1
1qbh,2
1qby,1
1qc8,2
1qce,2
1qch,1
1qck,2
1qcm,2
1qcv,2
1qd3,2
1qdf,1
1qdh,1
1qdi,1
1qdk,1
1qdp,2
1qe7,2
1qes,2
1qet,2
1qey,2
1qfa,2
1qfb,2
1qfd,2
1qfn,2
1qfq,2
1qfr,2
1qg1,1
1qg9,2
1qgb,2
1qgm,2
1qgp,2
1qh2,1
1qhk,2
1qjk,1
1qjl,1
1qjo,2
1qjt,2
1qk6,2
1qk7,2
1qk9,2
1qkf,1
1qkg,1
1qkh,2
1qkl,2
1qky,2
1ql5,1
1qlc,2
1qld,1
1qli,1
1qlk,2
1qlo,2
1qlx,1
1qly,2
1qlz,2
1qm0,1
1qm1,2
1qm2,1
1qm3,2
1qm9,1
1qmc,2
1qms,2
1qmw,2
1qn0,2
1qn1,2
1qnd,2
1qnk,2
1qnz,1
1qo6,2
1qp2,1
1qp3,2
1qp6,2
1qpm,2
1qpu,1
1qq3,1
1qqi,1
1qqv,1
1qr5,2
1qrj,1
1qry,2
1qs3,2
1qsk,2
1qsv,2
1qsx,1
1qsz,1
1qtg,1
1qtt,2
1qtu,1
1qu5,2
1qu6,2
1quw,2
1quz,2
1qvk,2
1qvl,2
1qvp,2
1qvx,2
1qw1,2
1qwa,2
1qwb,2
1qwe,1
1qwf,1
1qwp,2
1qwq,2
1qwv,2
1qx9,2
1qxb,1
1qxc,2
1qxf,2
1qxn,2
1qxq,2
1qyp,2
1qyt,2
1qze,1
1qzp,2
1r02,1
1r05,2
1r1b,1
1r1f,2
1r21,2
1r2a,2
1r2l,1
1r2n,2
1r2p,2
1r2u,2
1r36,2
1r3b,2
1r3x,2
1r48,2
1r4d,2
1r4e,2
1r4g,2
1r4h,1
1r4k,1
1r4t,2
1r4y,2
1r57,2
1r5e,2
1r5s,2
1r63,2
1r6e,2
1r6h,2
1r6p,2
1r6r,2
1r73,2
1r79,2
1r7c,1
1r7d,2
1r7e,1
1r7f,2
1r7g,1
1r7w,2
1r7z,2
1r83,2
1r84,2
1r8p,2
1r8t,2
1r8u,2
1r9i,2
1r9k,1
1r9p,2
1r9u,2
1r9v,1
1rau,1
1raw,2
1rax,2
1rch,2
1rck,2
1rcl,1
1rcs,2
1rde,2
1rdu,2
1re6,2
1res,1
1ret,2
1rf8,2
1rfa,2
1rfh,2
1rfl,2
1rfo,2
1rfr,2
1rg3,2
1rg4,2
1rg6,2
1rgd,2
1rgj,1
1rgo,2
1rgr,2
1rgw,2
1rh8,2
1rht,1
1rhw,2
1rhx,2
1ri0,2
1ri9,2
1rij,2
1rik,2
1rim,2
1rip,2
1rja,2
1rjh,2
1rji,2
1rjj,2
1rjt,2
1rjv,2
1rk7,2
1rk9,1
1rkj,2
1rkk,2
1rkl,2
1rkn,2
1rl1,2
1rl5,2
1rlf,2
1rlp,2
1rlq,1
1rly,2
1rme,1
1rmj,2
1rmk,2
1rml,2
1rmx,1
1rn9,1
1rng,2
1rnk,1
1ro3,2
1ro4,2
1rod,2
1roe,2
1rof,2
1ron,2
1roo,2
1roq,2
1rot,1
1rou,2
1rpb,1
1rpc,2
1rpr,2
1rpv,2
1rq6,2
1rq8,2
1rqm,2
1rqs,2
1rqt,2
1rqu,1
1rqv,1
1rrb,1
1rrd,2
1rrr,2
1rrz,2
1rsf,2
1rso,2
1rsw,2
1rsx,2
1rt0,2
1rtn,2
1rto,1
1ru5,2
1ruu,2
1rvh,2
1rvi,2
1rvs,2
1rw2,2
1rw5,2
1rwd,1
1rws,1
1rwu,2
1rxl,2
1rxr,2
1ry3,2
1ry4,2
1ryg,2
1ryj,2
1ryk,2
1ryu,2
1ryv,2
1rzs,2
1rzw,1
1s04,2
1s05,1
1s0t,1
1s1n,2
1s1o,1
1s24,2
1s2f,1
1s2h,1
1s34,2
1s37,1
1s3a,2
1s40,2
1s4a,1
1s4g,2
1s4h,2
1s4j,2
1s4t,2
1s4w,2
1s4x,2
1s4z,2
1s5q,2
1s5r,2
1s62,2
1s6d,2
1s6i,2
1s6j,2
1s6l,2
1s6n,2
1s6o,2
1s6u,2
1s6w,2
1s6x,2
1s74,1
1s75,1
1s79,2
1s7a,2
1s7e,2
1s7p,2
1s88,2
1s8k,2
1s9l,1
1s9n,2
1s9o,2
1s9s,2
1sa8,2
1saa,2
1sae,2
1saf,2
1sag,2
1sah,2
1sai,2
1saj,2
1sak,1
1sal,1
1san,2
1sap,1
1sb0,2
1sb6,2
1sbj,2
1sbo,2
1sbu,2
1scl,2
1sco,2
1scv,2
1scy,2
1sdf,1
1se7,2
1se9,2
1sf0,1
1sf1,2
1sfv,1
1sfw,2
1sg5,2
1sg7,2
1sgg,2
1sgo,2
1sh1,1
1sh4,2
1shc,1
1shi,2
1shp,2
1sis,2
1siy,2
1sj6,2
1sjg,2
1sjk,1
1sjl,1
1sjq,2
1sjr,2
1sjt,2
1sju,2
1skh,2
1ski,2
1skk,2
1skl,2
1skp,2
1skt,2
1slj,2
1slo,1
1slp,2
1sls,2
1sm7,2
1smg,2
1smz,2
1sn6,2
1snh,2
1snj,2
1snl,2
1so9,2
1soc,1
1soh,2
1sol,1
1sop,2
1sou,2
1soy,2
1sp0,1
1sp1,1
1sp2,1
1sp6,2
1sp7,2
1spf,2
1spk,2
1spw,2
1spy,2
1sq8,2
1sqr,2
1sr2,2
1sr3,2
1srb,2
1srk,2
1srl,1
1srm,2
1sro,2
1srz,2
1ss1,2
1ss2,2
1ss3,2
1ss6,2
1ss7,2
1sse,2
1ssf,2
1ssj,2
1ssk,1
1ssl,2
1ssn,2
1sso,1
1ssu,2
1ssv,2
1st7,2
1stu,2
1suh,2
1sut,2
1suy,1
1sv1,2
1svj,1
1svq,2
1svr,1
1sw8,2
1sx0,2
1sx1,2
1sxd,2
1sxe,2
1sxl,2
1sxm,2
1sy4,2
1sy8,2
1sy9,2
1sym,2
1syz,2
1szl,2
1szv,1
1szy,1
1t0c,2
1t0g,2
1t0v,2
1t0w,2
1t0y,2
1t12,2
1t17,2
1t1h,2
1t1k,2
1t1p,2
1t1q,2
1t1t,2
1t23,2
1t28,1
1t2m,2
1t2r,2
1t2s,2
1t2y,1
1t3k,2
1t3o,2
1t3v,2
1t4l,2
1t4n,2
1t4x,2
1t4y,1
1t4z,2
1t50,2
1t51,2
1t52,2
1t54,2
1t55,2
1t5m,2
1t5n,2
1t5q,2
1t6r,2
1t6w,2
1t84,2
1t8c,2
1t8d,2
1t8j,1
1t8v,2
1t9e,2
1tac,2
1tam,1
1tan,1
1tap,2
1tba,2
1tbc,2
1tbd,1
1tbk,2
1tbn,1
1tbo,2
1tce,1
1tcg,1
1tch,1
1tcj,2
1tck,2
1tcp,2
1tdp,2
1te4,2
1te7,2
1ter,2
1tey,2
1tf3,2
1tfb,2
1tfi,2
1tfn,1
1tfq,1
1tfs,2
1tft,1
1th5,2
1ti3,2
1ti5,2
1tih,2
1tin,1
1tit,1
1tiu,2
1tiv,2
1tiz,2
1tjz,2
1tk7,2
1tkn,2
1tkq,1
1tkv,2
1tkw,2
1tl4,2
1tl5,2
1tl6,2
1tle,2
1tlh,2
1tlr,2
1tm6,2
1tm9,2
1tmr,2
1tmw,2
1tmz,2
1tn9,2
1tne,1
1tnm,1
1tnn,2
1tnp,2
1tnq,2
1tns,1
1tnt,2
1tnw,2
1tnx,1
1tob,2
1tof,2
1tor,2
1tos,2
1tot,2
1toz,2
1tp4,2
1tpg,1
1tpm,1
1tpn,2
1tq1,2
1tqr,2
1tqz,2
1tr4,2
1tr6,2
1trf,1
1trl,2
1trs,1
1tru,2
1trv,2
1trw,1
1tsk,2
1tt3,2
1ttd,1
1tte,2
1ttf,2
1ttg,1
1ttk,2
1ttl,2
1ttn,2
1ttv,2
1ttx,2
1tty,2
1tu2,2
1tuj,2
1tum,2
1tuq,2
1tur,2
1tus,2
1tut,1
1tuz,2
1tv0,2
1tvc,2
1tvi,2
1tvj,2
1tvm,2
1tvs,2
1tvt,2
1two,2
1txa,1
1txb,2
1txe,2
1txm,2
1txp,2
1txs,2
1tyk,2
1tz1,2
1tz4,2
1tz5,2
1u01,1
1u0i,2
1u0p,2
1u2a,1
1u2f,1
1u2n,2
1u2u,2
1u34,2
1u37,2
1u38,2
1u39,2
1u3b,1
1u3k,2
1u3m,2
1u3n,2
1u3o,2
1u4a,2
1u4i,2
1u57,2
1u5l,2
1u5m,2
1u5s,2
1u62,2
1u64,2
1u6c,1
1u6f,2
1u6n,1
1u6o,1
1u6p,2
1u6u,1
1u6v,2
1u7j,2
1u7m,2
1u7q,2
1u81,2
1u85,2
1u86,2
1u89,2
1u96,2
1u97,2
1uab,2
1uao,2
1uap,2
1uaw,2
1ub1,2
1uc6,2
1ucp,2
1ucv,2
1ud7,2
1udk,2
1udl,2
1udm,2
1ue9,2
1uel,2
1uem,2
1uen,2
1ueo,2
1uep,2
1ueq,2
1uew,2
1uey,2
1uez,2
1uf0,2
1uf1,2
1uff,2
1ufg,2
1ufm,2
1ufn,2
1ufw,2
1ufx,2
1ufz,2
1ug0,2
1ug1,2
1ug2,2
1ug7,2
1ug8,2
1ugj,2
1ugk,2
1ugl,2
1ugo,2
1ugt,1
1ugv,2
1uh6,2
1uhc,2
1uhf,2
1uhm,2
1uhp,2
1uhr,2
1uhs,2
1uht,2
1uhu,2
1uhw,2
1uhz,2
1uil,2
1uit,2
1ujd,2
1ujl,2
1ujo,2
1ujr,2
1ujs,2
1ujt,2
1uju,2
1ujv,2
1ujx,2
1ujy,2
1uk5,2
1ukx,2
1ul2,2
1ul4,2
1ul5,2
1ul7,2
1ull,2
1ulo,1
1ulp,2
1um1,2
1um7,2
1umq,2
1ums,2
1umt,1
1unc,2
1und,2
1uph,2
1uqa,1
1uqb,1
1uqc,1
1uqd,1
1uqe,1
1uqf,1
1uqg,1
1uqv,2
1ur6,2
1ure,2
1urf,2
1urk,2
1uss,2
1ust,2
1ut3,2
1uta,2
1utr,1
1uts,2
1uua,2
1uub,2
1uuc,2
1uud,1
1uui,1
1uuu,2
1uvf,2
1uvg,2
1uw0,2
1uw2,2
1uwd,2
1uwo,2
1uxc,1
1uxd,2
1uya,2
1uyb,2
1uzc,2
1v06,2
1v1c,2
1v1d,2
1v27,2
1v28,2
1v2y,2
1v31,2
1v32,2
1v38,2
1v3a,1
1v3f,2
1v46,2
1v49,1
1v4q,2
1v4r,2
1v4z,1
1v50,1
1v52,2
1v56,2
1v5a,2
1v5j,2
1v5k,2
1v5l,2
1v5m,2
1v5n,2
1v5o,2
1v5p,2
1v5q,2
1v5r,2
1v5s,2
1v5t,2
1v5u,2
1v60,2
1v61,2
1v62,2
1v63,2
1v64,2
1v65,2
1v66,2
1v6b,2
1v6e,2
1v6f,2
1v6g,2
1v6r,2
1v7f,2
1v80,2
1v81,2
1v85,2
1v86,2
1v87,2
1v88,2
1v89,2
1v90,2
1v91,2
1v92,2
1v95,2
1v9j,2
1v9v,2
1v9w,2
1v9x,2
1va1,2
1va2,2
1va3,2
1va8,2
1va9,2
1vae,2
1vaz,2
1vb7,2
1vb8,2
1vcs,2
1vd0,2
1vd2,2
1vd4,2
1vd7,2
1vd8,2
1vd9,2
1vda,2
1vdb,2
1vdi,2
1vdj,2
1vdl,2
1vdy,2
1vee,2
1veg,2
1veh,2
1vej,2
1vek,2
1vex,2
1vf9,2
1vfc,2
1vfi,2
1vg5,2
1vgh,2
1vhp,2
1vib,2
1vig,2
1vih,1
1vii,1
1vj6,2
1vkr,1
1vkt,2
1vl3,1
1vm2,2
1vm3,2
1vm4,2
1vm5,2
1vmc,1
1vmp,1
1vna,2
1vnb,1
1vnd,2
1vop,2
1vpc,1
1vpu,2
1vqx,2
1vrc,2
1vre,2
1vrf,1
1vrv,1
1vry,2
1vtp,2
1vtx,2
1vvc,1
1vvd,2
1vve,2
1vyc,1
1vyn,2
1vyx,2
1vzs,2
1w09,2
1w0a,2
1w0b,2
1w1f,2
1w1n,2
1w2q,2
1w3d,2
1w4e,2
1w4f,2
1w4g,2
1w4h,2
1w4i,2
1w4j,2
1w4k,2
1w4m,2
1w4u,2
1w6b,2
1w6v,2
1w86,2
1w9n,2
1w9r,2
1wa7,2
1wa8,2
1wan,2
1waz,2
1wbr,2
1wcj,1
1wcl,2
1wcn,2
1wco,2
1wcr,1
1wct,1
1wd2,2
1we6,2
1we7,2
1we8,2
1we9,2
1wee,2
1wel,2
1wem,2
1wen,2
1weo,2
1wep,2
1weq,2
1wes,2
1weu,2
1wev,2
1wew,2
1wex,2
1wey,2
1wez,2
1wf0,2
1wf1,2
1wf2,2
1wf5,2
1wf6,2
1wf7,2
1wf8,2
1wf9,2
1wfd,2
1wfe,2
1wff,2
1wfg,2
1wfh,2
1wfi,2
1wfj,2
1wfk,2
1wfl,2
1wfm,2
1wfn,2
1wfo,2
1wfp,2
1wfq,2
1wfr,2
1wfs,2
1wft,2
1wfu,2
1wfv,2
1wfw,2
1wfy,2
1wfz,2
1wg1,2
1wg2,2
1wg4,2
1wg5,2
1wg6,2
1wg7,2
1wgd,2
1wge,2
1wgf,2
1wgg,2
1wgh,2
1wgk,2
1wgl,2
1wgm,2
1wgn,2
1wgo,2
1wgp,2
1wgq,2
1wgr,2
1wgs,2
1wgu,2
1wgv,2
1wgw,2
1wgx,2
1wgy,2
1wh0,2
1wh1,1
1wh2,2
1wh3,2
1wh4,2
1wh5,2
1wh6,2
1wh7,2
1wh8,2
1wh9,2
1wha,2
1whb,2
1whc,2
1whd,2
1whe,2
1whf,2
1whg,2
1whh,2
1whj,2
1whk,2
1whl,2
1whm,2
1whn,2
1whq,2
1whr,2
1whu,2
1whv,2
1whw,2
1whx,2
1why,2
1wi0,2
1wi1,2
1wi2,2
1wi3,2
1wi4,2
1wi5,2
1wi6,2
1wi7,2
1wi8,2
1wi9,2
1wia,2
1wib,2
1wic,2
1wid,2
1wie,2
1wif,2
1wig,2
1wih,2
1wii,2
1wij,2
1wik,2
1wil,2
1wim,2
1win,2
1wir,2
1wis,2
1wit,1
1wiu,2
1wiv,2
1wix,2
1wiz,2
1wj0,2
1wj1,2
1wj2,2
1wj3,2
1wj4,2
1wj5,2
1wj6,2
1wj7,2
1wja,1
1wjb,2
1wjc,1
1wjd,2
1wje,1
1wjf,2
1wjh,2
1wji,2
1wjj,2
1wjk,2
1wjl,2
1wjm,2
1wjn,2
1wjo,2
1wjp,2
1wjq,2
1wjr,2
1wjs,2
1wjt,2
1wju,2
1wjv,2
1wjw,2
1wjz,2
1wk0,2
1wk1,2
1wki,2
1wks,2
1wkt,2
1wlm,2
1wln,2
1wlo,2
1wlp,1
1wlx,2
1wm4,2
1wm7,2
1wm8,2
1wmj,2
1wmt,2
1wmv,2
1wn4,2
1wn8,2
1wnj,2
1wnk,2
1wnm,2
1wnn,2
1wo0,1
1wo1,1
1wo3,2
1wo4,2
1wo5,2
1wo6,2
1wo7,2
1wo9,1
1wot,2
1wpd,2
1wpi,2
1wpk,2
1wqb,2
1wqc,2
1wqd,2
1wqe,2
1wqi,2
1wqk,2
1wqu,2
1wr0,2
1wr1,2
1wr3,2
1wr4,2
1wr7,2
1wrf,2
1wrg,2
1wrs,2
1wrt,2
1wry,2
1wso,2
1wsx,2
1wt7,2
1wt8,2
1wtb,2
1wts,1
1wtt,2
1wtu,1
1wu0,2
1wug,1
1wum,1
1wuz,2
1wvk,2
1wvo,2
1wvz,2
1wwd,2
1wwe,2
1wwf,2
1wwg,2
1wwn,2
1wwq,2
1wwt,2
1wwu,2
1wwv,2
1wwx,2
1wwy,2
1wx6,2
1wx7,2
1wx8,2
1wx9,2
1wxa,2
1wxb,2
1wxl,2
1wxm,2
1wxn,2
1wxp,2
1wxt,2
1wxu,2
1wxv,2
1wy8,2
1wyh,2
1wyj,2
1wyl,2
1wym,2
1wyn,2
1wyo,2
1wyp,2
1wyq,2
1wyr,2
1wys,2
1wz0,2
1wz5,1
1wz6,2
1x05,2
1x0f,2
1x0h,2
1x0n,2
1x0o,2
1x1f,2
1x1g,2
1x1m,2
1x22,2
1x2k,2
1x2l,2
1x2m,2
1x2n,2
1x2p,2
1x2q,2
1x32,2
1x37,2
1x3a,2
1x3b,2
1x3c,2
1x3d,2
1x3h,2
1x3p,2
1x3q,2
1x3v,2
1x40,2
1x41,2
1x43,2
1x44,2
1x45,2
1x47,2
1x48,2
1x49,2
1x4a,2
1x4b,2
1x4c,2
1x4d,2
1x4e,2
1x4f,2
1x4g,2
1x4h,2
1x4i,2
1x4j,2
1x4k,2
1x4l,2
1x4m,2
1x4n,2
1x4o,2
1x4p,2
1x4q,2
1x4r,2
1x4s,2
1x4t,2
1x4u,2
1x4v,2
1x4w,2
1x4x,2
1x4y,2
1x4z,2
1x50,2
1x51,2
1x52,2
1x53,2
1x57,2
1x58,2
1x59,2
1x5a,2
1x5b,2
1x5c,2
1x5d,2
1x5e,2
1x5f,2
1x5g,2
1x5h,2
1x5i,2
1x5j,2
1x5k,2
1x5l,2
1x5m,2
1x5n,2
1x5o,2
1x5p,2
1x5q,2
1x5r,2
1x5s,2
1x5t,2
1x5u,2
1x5w,2
1x5x,2
1x5y,2
1x5z,2
1x60,2
1x61,2
1x62,2
1x63,2
1x64,2
1x65,2
1x66,2
1x67,2
1x68,2
1x69,2
1x6a,2
1x6b,2
1x6c,2
1x6d,2
1x6e,2
1x6f,2
1x6g,2
1x6h,2
1x6w,2
1x7k,2
1x7l,2
1x93,2
1x95,2
1x9a,2
1x9b,2
1x9l,2
1x9v,2
1x9x,2
1xaq,2
1xav,2
1xax,2
1xaz,2
1xbd,2
1xbh,2
1xbl,2
1xc0,2
1xc5,2
1xce,1
1xci,1
1xcy,2
1xcz,2
1xdx,2
1xee,2
1xf7,2
1xfe,2
1xfl,2
1xfn,2
1xfq,2
1xfr,2
1xg1,2
1xga,2
1xgb,2
1xgc,2
1xgl,2
1xhh,2
1xhj,2
1xhp,2
1xhs,2
1xi7,1
1xj1,2
1xjh,2
1xjs,2
1xke,2
1xkm,2
1xm0,2
1xmw,2
1xn5,2
1xn6,2
1xn7,2
1xn8,2
1xn9,2
1xna,1
1xne,2
1xnl,2
1xnt,2
1xo3,2
1xo8,2
1xo9,2
1xoa,2
1xob,2
1xoo,2
1xop,2
1xox,1
1xoy,2
1xpa,1
1xpn,2
1xpv,2
1xpw,2
1xq8,1
1xqq,2
1xr0,1
1xrd,2
1xrw,1
1xrz,2
1xs3,2
1xs8,2
1xs9,1
1xsa,2
1xsb,2
1xsc,2
1xsf,2
1xsg,1
1xsh,1
1xst,1
1xsu,1
1xsw,2
1xsx,2
1xt7,1
1xtx,2
1xu0,2
1xu6,2
1xue,2
1xut,2
1xv0,2
1xv3,2
1xv4,2
1xv6,1
1xv7,2
1xwe,2
1xwh,2
1xwn,2
1xwp,1
1xwu,1
1xx0,2
1xx3,2
1xx8,2
1xxe,2
1xxz,2
1xy4,2
1xy5,2
1xy6,2
1xy8,2
1xy9,2
1xyd,2
1xyj,2
1xyk,2
1xyq,2
1xyu,2
1xyw,2
1xyx,2
1xz9,2
1xzy,2
1y00,2
1y03,2
1y04,2
1y0j,2
1y15,2
1y16,2
1y1b,2
1y1c,2
1y29,2
1y2p,2
1y2s,2
1y2y,2
1y32,2
1y3j,2
1y3k,2
1y41,2
1y49,2
1y4e,2
1y4o,2
1y58,2
1y5c,2
1y5o,2
1y6d,2
1y6u,2
1y74,2
1y76,2
1y7j,2
1y7k,2
1y7n,2
1y7q,2
1y7x,2
1y8b,2
1y8d,2
1y8f,2
1y8m,2
1y9h,2
1y9j,2
1y9o,2
1y9x,2
1ybj,2
1ybl,1
1ybn,1
1ybr,1
1ycm,2
1yct,2
1ycw,2
1ydu,2
1yel,2
1yez,2
1yfb,1
1yfc,2
1yfv,1
1yg0,1
1yg3,2
1yg4,1
1ygm,2
1ygo,2
1ygw,2
1yh5,2
1yhd,2
1yho,2
1yhp,2
1yic,2
1yiu,2
1yji,2
1yjj,2
1yjr,2
1yjt,2
1yju,2
1yjv,2
1yka,2
1ykg,2
1yl2,2
1yl8,2
1yl9,2
1ylb,1
1ylg,2
1ym6,1
1ymj,1
1ymo,2
1ymz,2
1yn1,2
1yn2,2
1ync,2
1yne,2
1yng,2
1ynx,2
1yo4,2
1yop,2
1yp8,2
1yqa,2
1yr1,2
1ys5,2
1yse,2
1ysf,2
1ysg,1
1ysi,1
1ysm,2
1ysn,1
1ysv,2
1ysw,1
1ysx,1
1ysy,2
1yt6,2
1ytr,2
1yua,2
1yub,1
1yuf,2
1yug,2
1yui,1
1yuj,2
1yur,1
1yus,2
1yut,1
1yuu,2
1yvc,2
1ywi,2
1ywj,2
1ywl,2
1yws,2
1ywu,2
1yww,2
1ywx,2
1ywy,2
1ywz,2
1yx0,2
1yx3,2
1yx4,2
1yx5,2
1yx6,2
1yx7,1
1yx8,2
1yxe,2
1yxr,2
1yyb,2
1yyc,2
1yyj,2
1yyx,2
1yz2,2
1yz8,2
1yza,2
1yzb,2
1yzs,2
1z00,2
1z09,2
1z0r,2
1z1d,2
1z1m,2
1z1v,1
1z23,2
1z2d,2
1z2e,2
1z2f,2
1z2g,1
1z2j,2
1z2k,2
1z2q,2
1z30,2
1z31,2
1z3j,1
1z3k,2
1z4h,2
1z60,2
1z64,2
1z65,2
1z6c,2
1z6v,2
1z6w,2
1z86,2
1z87,2
1z8m,2
1z8r,2
1z8s,2
1z9b,2
1z9e,2
1z9i,2
1z9v,2
1za8,2
1zac,1
1zae,2
1zaq,2
1zbj,2
1zbn,2
1zc1,2
1zc5,2
1zda,2
1zdb,1
1zdc,2
1zdd,1
1zdv,2
1zdx,2
1ze7,2
1ze9,2
1zec,2
1zfd,2
1zfi,2
1zfl,2
1zfo,2
1zfu,2
1zg2,2
1zgw,2
1zhc,2
1zhu,2
1zif,2
1zig,2
1zih,2
1zjq,2
1zkh,2
1zl8,2
1zll,2
1zn5,2
1znf,2
1znm,2
1znt,2
1zo0,2
1zok,1
1zpx,2
1zq3,2
1zr9,2
1zrj,2
1zrp,2
1zrr,2
1zrv,2
1zrw,2
1zrx,2
1zry,2
1zsg,2
1zta,2
1ztn,2
1zto,2
1ztr,2
1zts,2
1zu1,2
1zu2,2
1zub,2
1zue,2
1zuf,2
1zug,2
1zuv,2
1zw8,2
1zwa,2
1zwb,2
1zwc,2
1zwd,2
1zwe,2
1zwf,2
1zwg,2
1zwm,2
1zwo,2
1zwt,2
1zwu,2
1zwv,2
1zxa,2
1zxf,2
1zxg,2
1zxh,2
1zy3,2
1zyi,2
1zza,2
1zzp,2
201d,2
202d,2
203d,2
204d,2
207d,2
214d,2
219d,1
225d,1
226d,1
229d,1
230d,2
28sp,2
28sr,1
2a00,2
2a05,2
2a0t,2
2a20,2
2a23,2
2a29,1
2a2p,2
2a2v,2
2a2y,2
2a36,2
2a37,2
2a3d,1
2a4h,2
2a4j,2
2a55,2
2a5e,1
2a5m,2
2a5p,2
2a5r,2
2a7o,2
2a7u,1
2a7y,2
2a93,2
2a9h,1
2a9l,1
2a9x,2
2aap,2
2aas,2
2ab3,1
2ab7,1
2ab9,2
2abd,2
2acm,2
2ad9,2
2adb,2
2adc,2
2adr,2
2adt,2
2adx,1
2adz,2
2ae9,2
2af2,2
2af8,1
2afd,2
2afe,1
2aff,2
2afj,2
2afp,2
2aga,2
2agh,2
2agm,2
2ahq,2
2ait,2
2aiv,2
2aiy,2
2ajj,2
2ajm,2
2ajn,1
2ajo,1
2ajw,2
2ak0,2
2akg,2
2alc,1
2ami,2
2aqa,2
2aqc,2
2aqe,2
2aqf,1
2arg,2
2ari,2
2asq,2
2asy,2
2atg,2
2aw0,2
2awq,2
2awv,1
2axl,2
2axx,2
2ayk,1
2azh,2
2azs,2
2azv,2
2b0h,2
2b38,2
2b3c,1
2b3i,2
2b3w,2
2b5k,2
2b5x,2
2b5y,2
2b68,2
2b6g,1
2b7e,2
2b7g,2
2b8a,2
2b95,2
2b9z,2
2bai,2
2bb8,1
2bbg,2
2bbi,2
2bbm,1
2bbn,2
2bby,2
2bca,1
2bcb,2
2bdo,2
2bds,2
2beg,2
2bey,2
2bgf,2
2bgo,2
2bgp,2
2bi6,2
2bid,2
2bj2,1
2bjc,2
2bjx,2
2bkd,2
2bl5,2
2bmt,2
2bn5,2
2bn6,2
2bo5,2
2bp4,2
2bpr,2
2brz,1
2bta,1
2btb,2
2btx,1
2bud,2
2bun,2
2bus,1
2bvb,1
2bw2,2
2c06,2
2c0x,1
2c34,2
2c55,1
2c5z,2
2c6a,2
2c6b,2
2c7h,2
2ca7,2
2cbh,2
2cco,2
2ccx,2
2cdx,2
2cjn,1
2cjo,2
2cnp,2
2co8,2
2co9,2
2coa,2
2cob,2
2coc,2
2cod,2
2coe,2
2cof,2
2cok,2
2com,2
2con,2
2coo,2
2cop,2
2cor,2
2cos,2
2cot,2
2cou,2
2cow,2
2coy,2
2coz,2
2cp0,2
2cp2,2
2cp3,2
2cp5,2
2cp6,2
2cp7,2
2cp8,2
2cp9,2
2cpb,2
2cpc,2
2cpd,2
2cpe,2
2cpf,2
2cph,2
2cpi,2
2cpj,2
2cpm,2
2cpn,2
2cpq,2
2cpr,2
2cps,2
2cpt,2
2cpw,2
2cpx,2
2cpy,2
2cpz,2
2cq0,2
2cq1,2
2cq2,2
2cq3,2
2cq4,2
2cq7,2
2cq8,2
2cq9,2
2cqa,2
2cqb,2
2cqc,2
2cqd,2
2cqe,2
2cqf,2
2cqg,2
2cqh,2
2cqi,2
2cqj,2
2cqk,2
2cql,2
2cqm,2
2cqn,2
2cqo,2
2cqp,2
2cqq,2
2cqr,2
2cqu,2
2cqv,2
2cqw,2
2cqx,2
2cqy,2
2cr0,2
2cr2,2
2cr3,2
2cr4,2
2cr5,2
2cr6,2
2cr7,2
2cr8,2
2cr9,2
2cra,2
2crb,2
2crc,2
2crd,2
2cre,2
2crf,2
2crg,2
2crh,2
2cri,2
2crj,2
2crl,2
2crm,2
2crn,2
2crp,2
2crq,2
2crr,2
2crs,2
2crt,1
2cru,2
2crv,2
2crw,2
2cry,2
2crz,2
2cs0,2
2cs1,2
2cs2,2
2cs3,2
2cs4,2
2cs5,2
2cs8,2
2csa,2
2csf,2
2csh,2
2csi,2
2csj,2
2csk,2
2cso,2
2csp,2
2csq,2
2css,2
2csv,2
2csw,2
2csy,2
2csz,2
2ct0,2
2ct1,2
2ct2,2
2ct3,2
2ct4,2
2ct5,2
2ct6,2
2ct7,2
2ctd,2
2cte,2
2ctf,2
2cti,2
2ctj,2
2ctk,2
2ctl,2
2ctm,2
2ctn,2
2cto,2
2ctp,2
2ctq,2
2ctr,2
2ctt,2
2ctu,2
2ctw,2
2cu1,2
2cu7,2
2cu8,2
2cub,2
2cuc,2
2cud,2
2cue,2
2cuf,2
2cug,2
2cuh,2
2cui,2
2cuj,2
2cum,2
2cup,2
2cuq,2
2cur,2
2cw1,2
2cyk,1
2czy,2
2d17,2
2d18,2
2d19,2
2d1a,1
2d1b,1
2d1u,2
2d46,1
2da8,2
2dau,1
2dci,2
2def,2
2dtb,2
2dvh,2
2ech,2
2eot,2
2eri,2
2err,2
2ers,1
2es5,2
2es6,2
2ese,2
2esy,2
2eti,1
2ett,2
2etz,1
2eu0,2
2euy,2
2evn,2
2evz,2
2ew4,2
2exn,2
2eza,1
2ezb,2
2ezc,2
2ezd,1
2eze,2
2ezf,1
2ezg,2
2ezh,1
2ezi,2
2ezk,1
2ezl,2
2ezm,1
2ezn,2
2ezo,1
2ezp,2
2ezq,2
2ezr,2
2ezs,2
2ezw,2
2ezx,1
2ezy,2
2ezz,2
2f09,2
2f2i,2
2f2j,2
2f40,2
2f63,2
2f65,2
2fb7,2
2fci,2
2fe9,2
2fej,2
2few,1
2fft,2
2fhw,2
2fi2,2
2fj4,2
2fj5,2
2fj6,2
2fk4,2
2fmr,2
2fn2,2
2fnb,2
2fnf,2
2fow,2
2fq5,1
2fq8,2
2fqa,2
2frc,1
2frl,2
2fsp,1
2fvt,2
2gat,1
2gb1,1
2gbq,2
2gcc,1
2gda,2
2gf1,1
2giw,2
2gp8,1
2gva,2
2gvb,1
2hcc,2
2hdc,2
2hfh,2
2hgf,1
2hid,2
2hir,2
2hiu,2
2hmx,2
2hoa,2
2hp8,2
2hqi,2
2hsp,2
2if1,2
2ife,2
2igg,2
2igh,2
2il6,2
2il8,2
2jhb,2
2kbd,2
2ktx,2
2ldz,1
2lef,2
2let,2
2leu,2
2lfb,2
2mag,2
2mfn,2
2mhu,1
2mlp,2
2mob,2
2mrb,1
2mrt,1
2mss,1
2mst,2
2myo,1
2nbt,2
2ncm,2
2nef,2
2neo,2
2new,2
2nmb,2
2nr1,2
2orc,2
2pac,2
2pas,2
2pcf,2
2pdd,2
2pde,1
2pdz,2
2pik,2
2pld,1
2ple,2
2pna,2
2pnb,1
2pni,2
2prf,2
2pta,2
2ptl,2
2r63,2
2rel,2
2rgf,2
2sdf,2
2sh1,2
2sob,2
2soc,2
2spz,2
2srt,2
2stt,2
2stw,1
2sxl,1
2tbd,2
2tgf,1
2tmp,2
2tob,2
2tpk,1
2u1a,2
2u2a,1
2u2f,1
2vgh,1
2vik,1
2vil,2
2xbd,1
2znf,2
3ait,1
3aiy,1
3alc,2
3ayk,1
3bbg,2
3bdo,2
3btb,2
3ci2,2
3cmh,1
3crd,2
3cti,2
3ctn,2
3cys,2
3egf,2
3eza,1
3ezb,2
3eze,1
3gat,2
3gb1,2
3gbq,1
3gcc,2
3gf1,2
3grx,2
3hck,2
3hsf,2
3ifb,2
3kbd,2
3leu,2
3lri,2
3mef,2
3mra,2
3msp,2
3ncm,2
3nla,2
3pat,1
3pdz,2
3php,2
3phy,2
3rdn,1
3rec,1
3rpb,2
3sak,2
3tgf,2
3trx,1
3usn,1
3znf,1
484d,2
4ait,1
4aiy,1
4ayk,2
4gat,1
4gbq,2
4hck,2
4hir,2
4kbd,2
4tgf,2
4trx,2
4ull,2
4znf,2
5aiy,1
5gat,2
5gcn,2
5hck,1
5hir,1
5znf,2
6cmh,1
6gat,1
6hir,1
6i1b,1
7gat,2
7hsc,1
7i1b,2
7znf,2
8drh,1
8psh,1
8tfv,2
9pcy,2
